Price,Close,High,Low,Open,Volume
Ticker,V.BA,V.BA,V.BA,V.BA,V.BA
Date,,,,,
2020-08-10,3691.563232421875,3691.563232421875,3691.563232421875,3691.563232421875,0
2020-08-11,3691.563232421875,3691.563232421875,3691.563232421875,3691.563232421875,0
2020-08-12,3691.563232421875,3691.563232421875,3691.563232421875,3691.563232421875,0
2020-08-13,3691.61328125,3691.61328125,3691.61328125,3691.61328125,0
2020-08-14,3691.61328125,3691.61328125,3691.61328125,3691.61328125,0
2020-08-18,3691.61328125,3691.61328125,3691.61328125,3691.61328125,0
2020-08-19,3691.61328125,3691.61328125,3691.61328125,3691.61328125,0
2020-08-20,3691.61328125,3691.61328125,3691.61328125,3691.61328125,0
2020-08-21,3691.61328125,3691.61328125,3691.61328125,3691.61328125,0
2020-08-24,3691.61328125,3691.61328125,3691.61328125,3691.61328125,0
2020-08-25,3691.61328125,3691.61328125,3691.61328125,3691.61328125,0
2020-08-26,4525.52685546875,4525.52685546875,4525.52685546875,4525.52685546875,17
2020-08-27,4525.52685546875,4525.52685546875,4525.52685546875,4525.52685546875,0
2020-08-28,4525.52685546875,4525.52685546875,4525.52685546875,4525.52685546875,0
2020-08-31,4525.52685546875,4525.52685546875,4525.52685546875,4525.52685546875,0
2020-09-01,4638.513671875,4638.513671875,4638.513671875,4638.513671875,2
2020-09-02,4638.513671875,4638.513671875,4638.513671875,4638.513671875,0
2020-09-03,4638.513671875,4638.513671875,4638.513671875,4638.513671875,0
2020-09-04,4638.513671875,4638.513671875,4638.513671875,4638.513671875,0
2020-09-07,4638.513671875,4638.513671875,4638.513671875,4638.513671875,0
2020-09-08,4638.513671875,4638.513671875,4638.513671875,4638.513671875,0
2020-09-09,4638.513671875,4638.513671875,4638.513671875,4638.513671875,0
2020-09-10,4638.513671875,4638.513671875,4638.513671875,4638.513671875,0
2020-09-11,4638.513671875,4638.513671875,4638.513671875,4638.513671875,0
2020-09-14,4638.513671875,4638.513671875,4638.513671875,4638.513671875,0
2020-09-15,4519.52685546875,4519.52685546875,4519.52685546875,4519.52685546875,1
2020-09-16,4519.52685546875,4519.52685546875,4519.52685546875,4519.52685546875,0
2020-09-17,4519.52685546875,4519.52685546875,4519.52685546875,4519.52685546875,0
2020-09-18,4519.52685546875,4519.52685546875,4519.52685546875,4519.52685546875,0
2020-09-21,4519.52685546875,4519.52685546875,4519.52685546875,4519.52685546875,0
2020-09-22,4519.52685546875,4519.52685546875,4519.52685546875,4519.52685546875,0
2020-09-23,4519.52685546875,4519.52685546875,4519.52685546875,4519.52685546875,0
2020-09-24,4519.52685546875,4519.52685546875,4519.52685546875,4519.52685546875,0
2020-09-25,4519.52685546875,4519.52685546875,4519.52685546875,4519.52685546875,0
2020-09-28,4519.52685546875,4519.52685546875,4519.52685546875,4519.52685546875,0
2020-09-29,4519.52685546875,4519.52685546875,4519.52685546875,4519.52685546875,0
2020-09-30,5004.4755859375,5004.4755859375,5004.4755859375,5004.4755859375,22
2020-10-01,5004.4755859375,5004.4755859375,5004.4755859375,5004.4755859375,0
2020-10-02,5026.97216796875,5026.97216796875,5026.97216796875,5026.97216796875,11
2020-10-05,5026.97216796875,5026.97216796875,5026.97216796875,5026.97216796875,0
2020-10-06,5026.97216796875,5026.97216796875,5026.97216796875,5026.97216796875,0
2020-10-07,5026.97216796875,5026.97216796875,5026.97216796875,5026.97216796875,0
2020-10-08,5026.97216796875,5026.97216796875,5026.97216796875,5026.97216796875,0
2020-10-09,5026.97216796875,5026.97216796875,5026.97216796875,5026.97216796875,0
2020-10-13,5026.97216796875,5026.97216796875,5026.97216796875,5026.97216796875,0
2020-10-14,5026.97216796875,5026.97216796875,5026.97216796875,5026.97216796875,0
2020-10-15,5026.97216796875,5026.97216796875,5026.97216796875,5026.97216796875,0
2020-10-16,5026.97216796875,5026.97216796875,5026.97216796875,5026.97216796875,0
2020-10-19,5026.97216796875,5026.97216796875,5026.97216796875,5026.97216796875,0
2020-10-20,5026.97216796875,5026.97216796875,5026.97216796875,5026.97216796875,0
2020-10-21,5026.97216796875,5026.97216796875,5026.97216796875,5026.97216796875,0
2020-10-22,5026.97216796875,5026.97216796875,5026.97216796875,5026.97216796875,0
2020-10-23,5026.97216796875,5026.97216796875,5026.97216796875,5026.97216796875,0
2020-10-26,5026.97216796875,5026.97216796875,5026.97216796875,5026.97216796875,0
2020-10-27,5026.97216796875,5026.97216796875,5026.97216796875,5026.97216796875,0
2020-10-28,5026.97216796875,5026.97216796875,5026.97216796875,5026.97216796875,0
2020-10-29,5026.97216796875,5026.97216796875,5026.97216796875,5026.97216796875,0
2020-10-30,4705.50537109375,4705.50537109375,4705.50537109375,4705.50537109375,3
2020-11-02,4705.50537109375,4705.50537109375,4705.50537109375,4705.50537109375,0
2020-11-03,4705.50537109375,4705.50537109375,4705.50537109375,4705.50537109375,0
2020-11-04,4705.50537109375,4705.50537109375,4705.50537109375,4705.50537109375,0
2020-11-05,4705.50537109375,4705.50537109375,4705.50537109375,4705.50537109375,0
2020-11-06,5099.4658203125,5099.4658203125,5099.4658203125,5099.4658203125,5
2020-11-09,5310.44189453125,5310.44189453125,5310.44189453125,5310.44189453125,2
2020-11-10,5310.44189453125,5310.44189453125,5310.44189453125,5310.44189453125,0
2020-11-11,5310.44189453125,5310.44189453125,5310.44189453125,5310.44189453125,0
2020-11-12,5188.50732421875,5188.50732421875,5188.50732421875,5188.50732421875,222
2020-11-13,5188.50732421875,5188.50732421875,5188.50732421875,5188.50732421875,0
2020-11-16,5188.50732421875,5188.50732421875,5188.50732421875,5188.50732421875,0
2020-11-17,5188.50732421875,5188.50732421875,5188.50732421875,5188.50732421875,0
2020-11-18,5188.50732421875,5188.50732421875,5188.50732421875,5188.50732421875,0
2020-11-19,5188.50732421875,5188.50732421875,5188.50732421875,5188.50732421875,0
2020-11-20,5188.50732421875,5188.50732421875,5188.50732421875,5188.50732421875,0
2020-11-24,5188.50732421875,5188.50732421875,5188.50732421875,5188.50732421875,0
2020-11-25,5188.50732421875,5188.50732421875,5188.50732421875,5188.50732421875,0
2020-11-26,5188.50732421875,5188.50732421875,5188.50732421875,5188.50732421875,0
2020-11-27,5188.50732421875,5188.50732421875,5188.50732421875,5188.50732421875,0
2020-11-30,5188.50732421875,5188.50732421875,5188.50732421875,5188.50732421875,0
2020-12-01,5188.50732421875,5188.50732421875,5188.50732421875,5188.50732421875,0
2020-12-02,5188.50732421875,5188.50732421875,5188.50732421875,5188.50732421875,0
2020-12-03,5188.50732421875,5188.50732421875,5188.50732421875,5188.50732421875,0
2020-12-04,5109.51513671875,5109.51513671875,5109.51513671875,5109.51513671875,2
2020-12-09,5109.51513671875,5109.51513671875,5109.51513671875,5109.51513671875,0
2020-12-10,5109.51513671875,5109.51513671875,5109.51513671875,5109.51513671875,0
2020-12-11,5109.51513671875,5109.51513671875,5109.51513671875,5109.51513671875,0
2020-12-14,5109.51513671875,5109.51513671875,5109.51513671875,5109.51513671875,0
2020-12-15,5109.51513671875,5109.51513671875,5109.51513671875,5109.51513671875,0
2020-12-16,5109.51513671875,5109.51513671875,5109.51513671875,5109.51513671875,0
2020-12-17,5109.51513671875,5109.51513671875,5109.51513671875,5109.51513671875,0
2020-12-18,5109.51513671875,5109.51513671875,5109.51513671875,5109.51513671875,0
2020-12-21,5109.51513671875,5109.51513671875,5109.51513671875,5109.51513671875,0
2020-12-22,5109.51513671875,5109.51513671875,5109.51513671875,5109.51513671875,0
2020-12-23,5109.51513671875,5109.51513671875,5109.51513671875,5109.51513671875,0
2020-12-28,5109.51513671875,5109.51513671875,5109.51513671875,5109.51513671875,0
2020-12-29,5109.51513671875,5109.51513671875,5109.51513671875,5109.51513671875,0
2020-12-30,5109.51513671875,5109.51513671875,5109.51513671875,5109.51513671875,0
2021-01-04,5109.51513671875,5109.51513671875,5109.51513671875,5109.51513671875,0
2021-01-05,5109.51513671875,5109.51513671875,5109.51513671875,5109.51513671875,0
2021-01-06,5109.51513671875,5109.51513671875,5109.51513671875,5109.51513671875,0
2021-01-07,5109.51513671875,5109.51513671875,5109.51513671875,5109.51513671875,0
2021-01-08,5109.51513671875,5109.51513671875,5109.51513671875,5109.51513671875,0
2021-01-11,5109.51513671875,5109.51513671875,5109.51513671875,5109.51513671875,0
2021-01-12,5109.51513671875,5109.51513671875,5109.51513671875,5109.51513671875,0
2021-01-13,5109.51513671875,5109.51513671875,5109.51513671875,5109.51513671875,0
2021-01-14,5109.51513671875,5109.51513671875,5109.51513671875,5109.51513671875,0
2021-01-15,5109.51513671875,5109.51513671875,5109.51513671875,5109.51513671875,0
2021-01-18,5109.51513671875,5109.51513671875,5109.51513671875,5109.51513671875,0
2021-01-19,5109.51513671875,5109.51513671875,5109.51513671875,5109.51513671875,0
2021-01-20,5109.51513671875,5109.51513671875,5109.51513671875,5109.51513671875,0
2021-01-21,5109.51513671875,5109.51513671875,5109.51513671875,5109.51513671875,0
2021-01-22,5109.51513671875,5109.51513671875,5109.51513671875,5109.51513671875,0
2021-01-25,5109.51513671875,5109.51513671875,5109.51513671875,5109.51513671875,0
2021-01-26,5109.51513671875,5109.51513671875,5109.51513671875,5109.51513671875,0
2021-01-27,5109.51513671875,5109.51513671875,5109.51513671875,5109.51513671875,0
2021-01-28,5109.51513671875,5109.51513671875,5109.51513671875,5109.51513671875,0
2021-01-29,5109.51513671875,5109.51513671875,5109.51513671875,5109.51513671875,0
2021-02-01,5109.51513671875,5109.51513671875,5109.51513671875,5109.51513671875,0
2021-02-02,5109.51513671875,5109.51513671875,5109.51513671875,5109.51513671875,0
2021-02-03,5109.51513671875,5109.51513671875,5109.51513671875,5109.51513671875,0
2021-02-04,5109.51513671875,5109.51513671875,5109.51513671875,5109.51513671875,0
2021-02-05,5109.51513671875,5109.51513671875,5109.51513671875,5109.51513671875,0
2021-02-08,5109.51513671875,5109.51513671875,5109.51513671875,5109.51513671875,0
2021-02-09,5109.51513671875,5109.51513671875,5109.51513671875,5109.51513671875,0
2021-02-10,5109.51513671875,5109.51513671875,5109.51513671875,5109.51513671875,0
2021-02-11,5109.568359375,5109.568359375,5109.568359375,5109.568359375,0
2021-02-12,5109.568359375,5109.568359375,5109.568359375,5109.568359375,0
2021-02-17,5109.568359375,5109.568359375,5109.568359375,5109.568359375,0
2021-02-18,5109.568359375,5109.568359375,5109.568359375,5109.568359375,0
2021-02-19,5109.568359375,5109.568359375,5109.568359375,5109.568359375,0
2021-02-22,5109.568359375,5109.568359375,5109.568359375,5109.568359375,0
2021-02-23,5109.568359375,5109.568359375,5109.568359375,5109.568359375,0
2021-02-24,5109.568359375,5109.568359375,5109.568359375,5109.568359375,0
2021-02-25,5109.568359375,5109.568359375,5109.568359375,5109.568359375,0
2021-02-26,5109.568359375,5109.568359375,5109.568359375,5109.568359375,0
2021-03-01,5109.568359375,5109.568359375,5109.568359375,5109.568359375,0
2021-03-02,5109.568359375,5109.568359375,5109.568359375,5109.568359375,0
2021-03-03,5109.568359375,5109.568359375,5109.568359375,5109.568359375,0
2021-03-04,5109.568359375,5109.568359375,5109.568359375,5109.568359375,0
2021-03-05,5109.568359375,5109.568359375,5109.568359375,5109.568359375,0
2021-03-08,5109.568359375,5109.568359375,5109.568359375,5109.568359375,0
2021-03-09,5109.568359375,5109.568359375,5109.568359375,5109.568359375,0
2021-03-10,5109.568359375,5109.568359375,5109.568359375,5109.568359375,0
2021-03-11,5109.568359375,5109.568359375,5109.568359375,5109.568359375,0
2021-03-12,5109.568359375,5109.568359375,5109.568359375,5109.568359375,0
2021-03-15,5109.568359375,5109.568359375,5109.568359375,5109.568359375,0
2021-03-16,5109.568359375,5109.568359375,5109.568359375,5109.568359375,0
2021-03-17,5109.568359375,5109.568359375,5109.568359375,5109.568359375,0
2021-03-18,5109.568359375,5109.568359375,5109.568359375,5109.568359375,0
2021-03-19,5109.568359375,5109.568359375,5109.568359375,5109.568359375,0
2021-03-22,5109.568359375,5109.568359375,5109.568359375,5109.568359375,0
2021-03-23,5109.568359375,5109.568359375,5109.568359375,5109.568359375,0
2021-03-25,5109.568359375,5109.568359375,5109.568359375,5109.568359375,0
2021-03-26,5109.568359375,5109.568359375,5109.568359375,5109.568359375,0
2021-03-29,5109.568359375,5109.568359375,5109.568359375,5109.568359375,0
2021-03-30,5109.568359375,5109.568359375,5109.568359375,5109.568359375,0
2021-03-31,5109.568359375,5109.568359375,5109.568359375,5109.568359375,0
2021-04-05,5109.568359375,5109.568359375,5109.568359375,5109.568359375,0
2021-04-06,5437.5400390625,5444.539446983324,5389.544099033997,5389.544099033997,271
2021-04-07,5437.5400390625,5437.5400390625,5437.5400390625,5437.5400390625,2
2021-04-08,5437.5400390625,5437.5400390625,5437.5400390625,5437.5400390625,0
2021-04-09,5437.5400390625,5437.5400390625,5437.5400390625,5437.5400390625,0
2021-04-12,5437.5400390625,5437.5400390625,5437.5400390625,5437.5400390625,0
2021-04-13,5437.5400390625,5437.5400390625,5437.5400390625,5437.5400390625,0
2021-04-14,5437.5400390625,5437.5400390625,5437.5400390625,5437.5400390625,0
2021-04-15,5437.5400390625,5437.5400390625,5437.5400390625,5437.5400390625,0
2021-04-16,5437.5400390625,5437.5400390625,5437.5400390625,5437.5400390625,0
2021-04-19,5437.5400390625,5437.5400390625,5437.5400390625,5437.5400390625,0
2021-04-20,5437.5400390625,5437.5400390625,5437.5400390625,5437.5400390625,0
2021-04-21,5437.5400390625,5437.5400390625,5437.5400390625,5437.5400390625,0
2021-04-22,5437.5400390625,5437.5400390625,5437.5400390625,5437.5400390625,0
2021-04-23,5437.5400390625,5437.5400390625,5437.5400390625,5437.5400390625,0
2021-04-26,5437.5400390625,5437.5400390625,5437.5400390625,5437.5400390625,0
2021-04-27,5437.5400390625,5437.5400390625,5437.5400390625,5437.5400390625,0
2021-04-28,5437.5400390625,5437.5400390625,5437.5400390625,5437.5400390625,0
2021-04-29,5437.5400390625,5437.5400390625,5437.5400390625,5437.5400390625,0
2021-04-30,5437.5400390625,5437.5400390625,5437.5400390625,5437.5400390625,0
2021-05-03,5437.5400390625,5437.5400390625,5437.5400390625,5437.5400390625,0
2021-05-04,5437.5400390625,5437.5400390625,5437.5400390625,5437.5400390625,0
2021-05-05,5437.5400390625,5437.5400390625,5437.5400390625,5437.5400390625,0
2021-05-06,5437.5400390625,5437.5400390625,5437.5400390625,5437.5400390625,0
2021-05-07,5437.5400390625,5437.5400390625,5437.5400390625,5437.5400390625,0
2021-05-10,5437.5400390625,5437.5400390625,5437.5400390625,5437.5400390625,0
2021-05-11,5437.5400390625,5437.5400390625,5437.5400390625,5437.5400390625,0
2021-05-12,5437.5400390625,5437.5400390625,5437.5400390625,5437.5400390625,0
2021-05-13,5437.59375,5437.59375,5437.59375,5437.59375,0
2021-05-14,5437.59375,5437.59375,5437.59375,5437.59375,0
2021-05-17,5437.59375,5437.59375,5437.59375,5437.59375,0
2021-05-18,5437.59375,5437.59375,5437.59375,5437.59375,0
2021-05-19,5437.59375,5437.59375,5437.59375,5437.59375,0
2021-05-20,5437.59375,5437.59375,5437.59375,5437.59375,0
2021-05-21,5437.59375,5437.59375,5437.59375,5437.59375,0
2021-05-26,5437.59375,5437.59375,5437.59375,5437.59375,0
2021-05-27,5437.59375,5437.59375,5437.59375,5437.59375,0
2021-05-28,5437.59375,5437.59375,5437.59375,5437.59375,0
2021-05-31,5437.59375,5437.59375,5437.59375,5437.59375,0
2021-06-01,6249.53515625,6249.53515625,6249.53515625,6249.53515625,1
2021-06-02,6249.53515625,6249.53515625,6249.53515625,6249.53515625,0
2021-06-03,6249.53515625,6249.53515625,6249.53515625,6249.53515625,0
2021-06-04,6249.53515625,6249.53515625,6249.53515625,6249.53515625,0
2021-06-07,6249.53515625,6249.53515625,6249.53515625,6249.53515625,0
2021-06-08,6249.53515625,6249.53515625,6249.53515625,6249.53515625,0
2021-06-09,6249.53515625,6249.53515625,6249.53515625,6249.53515625,0
2021-06-10,6399.52099609375,6399.52099609375,6399.52099609375,6399.52099609375,222
2021-06-11,6399.52099609375,6399.52099609375,6399.52099609375,6399.52099609375,0
2021-06-14,6399.52099609375,6399.52099609375,6399.52099609375,6399.52099609375,0
2021-06-15,6399.52099609375,6399.52099609375,6399.52099609375,6399.52099609375,0
2021-06-16,6399.52099609375,6399.52099609375,6399.52099609375,6399.52099609375,0
2021-06-17,6399.52099609375,6399.52099609375,6399.52099609375,6399.52099609375,0
2021-06-18,6399.52099609375,6399.52099609375,6399.52099609375,6399.52099609375,0
2021-06-22,6399.52099609375,6399.52099609375,6399.52099609375,6399.52099609375,0
2021-06-23,6399.52099609375,6399.52099609375,6399.52099609375,6399.52099609375,0
2021-06-24,6399.52099609375,6399.52099609375,6399.52099609375,6399.52099609375,0
2021-06-25,6399.52099609375,6399.52099609375,6399.52099609375,6399.52099609375,0
2021-06-28,6399.52099609375,6399.52099609375,6399.52099609375,6399.52099609375,0
2021-06-29,6399.52099609375,6399.52099609375,6399.52099609375,6399.52099609375,0
2021-06-30,6399.52099609375,6399.52099609375,6399.52099609375,6399.52099609375,0
2021-07-01,6749.49658203125,6749.49658203125,6749.49658203125,6749.49658203125,23
2021-07-02,6749.49658203125,6749.49658203125,6749.49658203125,6749.49658203125,0
2021-07-05,6749.49658203125,6749.49658203125,6749.49658203125,6749.49658203125,0
2021-07-06,6749.49658203125,6749.49658203125,6749.49658203125,6749.49658203125,0
2021-07-07,6749.49658203125,6749.49658203125,6749.49658203125,6749.49658203125,0
2021-07-08,6749.49658203125,6749.49658203125,6749.49658203125,6749.49658203125,0
2021-07-12,6749.49658203125,6749.49658203125,6749.49658203125,6749.49658203125,0
2021-07-13,6749.49658203125,6749.49658203125,6749.49658203125,6749.49658203125,0
2021-07-14,6749.49658203125,6749.49658203125,6749.49658203125,6749.49658203125,0
2021-07-15,6749.49658203125,6749.49658203125,6749.49658203125,6749.49658203125,0
2021-07-16,6749.49658203125,6749.49658203125,6749.49658203125,6749.49658203125,0
2021-07-19,6749.49658203125,6749.49658203125,6749.49658203125,6749.49658203125,0
2021-07-20,7279.45703125,7279.45703125,7279.45703125,7279.45703125,2
2021-07-21,7279.45703125,7279.45703125,7279.45703125,7279.45703125,0
2021-07-22,7279.45703125,7279.45703125,7279.45703125,7279.45703125,0
2021-07-23,7279.45703125,7279.45703125,7279.45703125,7279.45703125,0
2021-07-26,7279.45703125,7279.45703125,7279.45703125,7279.45703125,0
2021-07-27,7279.45703125,7279.45703125,7279.45703125,7279.45703125,0
2021-07-28,7279.45703125,7279.45703125,7279.45703125,7279.45703125,0
2021-07-29,7559.435546875,7559.435546875,7559.435546875,7559.435546875,792
2021-07-30,7559.435546875,7559.435546875,7559.435546875,7559.435546875,0
2021-08-02,7559.435546875,7559.435546875,7559.435546875,7559.435546875,0
2021-08-03,7559.435546875,7559.435546875,7559.435546875,7559.435546875,0
2021-08-04,7559.435546875,7559.435546875,7559.435546875,7559.435546875,0
2021-08-05,7559.435546875,7559.435546875,7559.435546875,7559.435546875,0
2021-08-06,7559.435546875,7559.435546875,7559.435546875,7559.435546875,0
2021-08-09,7559.435546875,7559.435546875,7559.435546875,7559.435546875,0
2021-08-10,6980.47900390625,6980.47900390625,6980.47900390625,6980.47900390625,4830
2021-08-11,6980.47900390625,6980.47900390625,6980.47900390625,6980.47900390625,0
2021-08-12,6840.5419921875,6961.533891186869,6840.5419921875,6961.533891186869,4
2021-08-13,6840.5419921875,6840.5419921875,6840.5419921875,6840.5419921875,0
2021-08-17,6840.5419921875,6840.5419921875,6840.5419921875,6840.5419921875,0
2021-08-18,6840.5419921875,6840.5419921875,6840.5419921875,6840.5419921875,0
2021-08-19,6840.5419921875,6840.5419921875,6840.5419921875,6840.5419921875,0
2021-08-20,6840.5419921875,6840.5419921875,6840.5419921875,6840.5419921875,0
2021-08-23,6840.5419921875,6840.5419921875,6840.5419921875,6840.5419921875,0
2021-08-24,6840.5419921875,6840.5419921875,6840.5419921875,6840.5419921875,0
2021-08-25,6840.5419921875,6840.5419921875,6840.5419921875,6840.5419921875,0
2021-08-26,6840.5419921875,6840.5419921875,6840.5419921875,6840.5419921875,0
2021-08-27,6840.5419921875,6840.5419921875,6840.5419921875,6840.5419921875,0
2021-08-30,6840.5419921875,6840.5419921875,6840.5419921875,6840.5419921875,0
2021-08-31,6840.5419921875,6840.5419921875,6840.5419921875,6840.5419921875,0
2021-09-01,6840.5419921875,6840.5419921875,6840.5419921875,6840.5419921875,0
2021-09-02,6840.5419921875,6840.5419921875,6840.5419921875,6840.5419921875,0
2021-09-03,6840.5419921875,6840.5419921875,6840.5419921875,6840.5419921875,0
2021-09-06,6840.5419921875,6840.5419921875,6840.5419921875,6840.5419921875,0
2021-09-07,6840.5419921875,6840.5419921875,6840.5419921875,6840.5419921875,0
2021-09-08,6840.5419921875,6840.5419921875,6840.5419921875,6840.5419921875,0
2021-09-09,6859.5400390625,6859.5400390625,6859.5400390625,6859.5400390625,4
2021-09-10,6859.5400390625,6859.5400390625,6859.5400390625,6859.5400390625,0
2021-09-13,6859.5400390625,6859.5400390625,6859.5400390625,6859.5400390625,0
2021-09-14,6859.5400390625,6859.5400390625,6859.5400390625,6859.5400390625,0
2021-09-15,6859.5400390625,6859.5400390625,6859.5400390625,6859.5400390625,0
2021-09-16,6859.5400390625,6859.5400390625,6859.5400390625,6859.5400390625,0
2021-09-17,6859.5400390625,6859.5400390625,6859.5400390625,6859.5400390625,0
2021-09-20,6859.5400390625,6859.5400390625,6859.5400390625,6859.5400390625,0
2021-09-21,6859.5400390625,6859.5400390625,6859.5400390625,6859.5400390625,0
2021-09-22,6859.5400390625,6859.5400390625,6859.5400390625,6859.5400390625,0
2021-09-23,6859.5400390625,6859.5400390625,6859.5400390625,6859.5400390625,0
2021-09-24,6859.5400390625,6859.5400390625,6859.5400390625,6859.5400390625,0
2021-09-27,6859.5400390625,6859.5400390625,6859.5400390625,6859.5400390625,0
2021-09-28,6859.5400390625,6859.5400390625,6859.5400390625,6859.5400390625,0
2021-09-29,6859.5400390625,6859.5400390625,6859.5400390625,6859.5400390625,0
2021-09-30,6859.5400390625,6859.5400390625,6859.5400390625,6859.5400390625,0
2021-10-01,6859.5400390625,6859.5400390625,6859.5400390625,6859.5400390625,0
2021-10-04,6859.5400390625,6859.5400390625,6859.5400390625,6859.5400390625,0
2021-10-05,6857.5400390625,6857.5400390625,6857.5400390625,6857.5400390625,2
2021-10-06,6857.5400390625,6857.5400390625,6857.5400390625,6857.5400390625,0
2021-10-07,6857.5400390625,6857.5400390625,6857.5400390625,6857.5400390625,0
2021-10-12,6857.5400390625,6857.5400390625,6857.5400390625,6857.5400390625,0
2021-10-13,6857.5400390625,6857.5400390625,6857.5400390625,6857.5400390625,0
2021-10-14,6857.5400390625,6857.5400390625,6857.5400390625,6857.5400390625,0
2021-10-15,6857.5400390625,6857.5400390625,6857.5400390625,6857.5400390625,0
2021-10-18,7590.4912109375,7590.4912109375,7590.4912109375,7590.4912109375,1974
2021-10-19,7590.4912109375,7590.4912109375,7590.4912109375,7590.4912109375,0
2021-10-20,7590.4912109375,7590.4912109375,7590.4912109375,7590.4912109375,0
2021-10-21,7453.50048828125,7453.50048828125,7453.50048828125,7453.50048828125,100
2021-10-22,7453.50048828125,7453.50048828125,7453.50048828125,7453.50048828125,0
2021-10-25,7453.50048828125,7453.50048828125,7453.50048828125,7453.50048828125,0
2021-10-26,7453.50048828125,7453.50048828125,7453.50048828125,7453.50048828125,0
2021-10-27,7499.49755859375,7499.49755859375,7499.49755859375,7499.49755859375,20
2021-10-28,7349.5087890625,7349.5087890625,7349.5087890625,7349.5087890625,50
2021-10-29,7349.5087890625,7349.5087890625,7349.5087890625,7349.5087890625,0
2021-11-01,7349.5087890625,7349.5087890625,7349.5087890625,7349.5087890625,0
2021-11-02,7349.5087890625,7349.5087890625,7349.5087890625,7349.5087890625,0
2021-11-03,7349.5087890625,7349.5087890625,7349.5087890625,7349.5087890625,0
2021-11-04,7349.5087890625,7349.5087890625,7349.5087890625,7349.5087890625,0
2021-11-05,7349.5087890625,7349.5087890625,7349.5087890625,7349.5087890625,0
2021-11-08,7349.5087890625,7349.5087890625,7349.5087890625,7349.5087890625,0
2021-11-09,7349.5087890625,7349.5087890625,7349.5087890625,7349.5087890625,0
2021-11-10,7349.5712890625,7349.5712890625,7349.5712890625,7349.5712890625,0
2021-11-11,7349.5712890625,7349.5712890625,7349.5712890625,7349.5712890625,0
2021-11-12,7349.5712890625,7349.5712890625,7349.5712890625,7349.5712890625,0
2021-11-15,7349.5712890625,7349.5712890625,7349.5712890625,7349.5712890625,0
2021-11-16,7349.5712890625,7349.5712890625,7349.5712890625,7349.5712890625,0
2021-11-17,7349.5712890625,7349.5712890625,7349.5712890625,7349.5712890625,0
2021-11-18,7349.5712890625,7349.5712890625,7349.5712890625,7349.5712890625,0
2021-11-19,7349.5712890625,7349.5712890625,7349.5712890625,7349.5712890625,0
2021-11-23,7349.5712890625,7349.5712890625,7349.5712890625,7349.5712890625,0
2021-11-24,7349.5712890625,7349.5712890625,7349.5712890625,7349.5712890625,0
2021-11-25,7349.5712890625,7349.5712890625,7349.5712890625,7349.5712890625,0
2021-11-26,7349.5712890625,7349.5712890625,7349.5712890625,7349.5712890625,0
2021-11-29,7349.5712890625,7349.5712890625,7349.5712890625,7349.5712890625,0
2021-11-30,7349.5712890625,7349.5712890625,7349.5712890625,7349.5712890625,0
2021-12-01,7349.5712890625,7349.5712890625,7349.5712890625,7349.5712890625,0
2021-12-02,7349.5712890625,7349.5712890625,7349.5712890625,7349.5712890625,0
2021-12-03,7349.5712890625,7349.5712890625,7349.5712890625,7349.5712890625,0
2021-12-06,7349.5712890625,7349.5712890625,7349.5712890625,7349.5712890625,0
2021-12-07,7349.5712890625,7349.5712890625,7349.5712890625,7349.5712890625,0
2021-12-09,7349.5712890625,7349.5712890625,7349.5712890625,7349.5712890625,0
2021-12-10,7349.5712890625,7349.5712890625,7349.5712890625,7349.5712890625,0
2021-12-13,7349.5712890625,7349.5712890625,7349.5712890625,7349.5712890625,0
2021-12-14,7349.5712890625,7349.5712890625,7349.5712890625,7349.5712890625,0
2021-12-15,7349.5712890625,7349.5712890625,7349.5712890625,7349.5712890625,0
2021-12-16,7349.5712890625,7349.5712890625,7349.5712890625,7349.5712890625,0
2021-12-17,7349.5712890625,7349.5712890625,7349.5712890625,7349.5712890625,0
2021-12-20,7349.5712890625,7349.5712890625,7349.5712890625,7349.5712890625,0
2021-12-21,7349.5712890625,7349.5712890625,7349.5712890625,7349.5712890625,0
2021-12-22,7349.5712890625,7349.5712890625,7349.5712890625,7349.5712890625,0
2021-12-23,7349.5712890625,7349.5712890625,7349.5712890625,7349.5712890625,0
2021-12-27,7349.5712890625,7349.5712890625,7349.5712890625,7349.5712890625,0
2021-12-28,7349.5712890625,7349.5712890625,7349.5712890625,7349.5712890625,0
2021-12-29,7349.5712890625,7349.5712890625,7349.5712890625,7349.5712890625,0
2021-12-30,7349.5712890625,7349.5712890625,7349.5712890625,7349.5712890625,0
2022-01-03,7349.5712890625,7349.5712890625,7349.5712890625,7349.5712890625,0
2022-01-04,7349.5712890625,7349.5712890625,7349.5712890625,7349.5712890625,0
2022-01-05,7349.5712890625,7349.5712890625,7349.5712890625,7349.5712890625,0
2022-01-06,7349.5712890625,7349.5712890625,7349.5712890625,7349.5712890625,0
2022-01-07,7349.5712890625,7349.5712890625,7349.5712890625,7349.5712890625,0
2022-01-10,7349.5712890625,7349.5712890625,7349.5712890625,7349.5712890625,0
2022-01-11,7349.5712890625,7349.5712890625,7349.5712890625,7349.5712890625,0
2022-01-12,7349.5712890625,7349.5712890625,7349.5712890625,7349.5712890625,0
2022-01-13,7349.5712890625,7349.5712890625,7349.5712890625,7349.5712890625,0
2022-01-14,7349.5712890625,7349.5712890625,7349.5712890625,7349.5712890625,0
2022-01-17,7349.5712890625,7349.5712890625,7349.5712890625,7349.5712890625,0
2022-01-18,7349.5712890625,7349.5712890625,7349.5712890625,7349.5712890625,0
2022-01-19,7349.5712890625,7349.5712890625,7349.5712890625,7349.5712890625,0
2022-01-20,7349.5712890625,7349.5712890625,7349.5712890625,7349.5712890625,0
2022-01-21,7349.5712890625,7349.5712890625,7349.5712890625,7349.5712890625,0
2022-01-24,7349.5712890625,7349.5712890625,7349.5712890625,7349.5712890625,0
2022-01-25,7349.5712890625,7349.5712890625,7349.5712890625,7349.5712890625,0
2022-01-26,7349.5712890625,7349.5712890625,7349.5712890625,7349.5712890625,0
2022-01-27,7349.5712890625,7349.5712890625,7349.5712890625,7349.5712890625,0
2022-01-28,7349.5712890625,7349.5712890625,7349.5712890625,7349.5712890625,0
2022-01-31,7349.5712890625,7349.5712890625,7349.5712890625,7349.5712890625,0
2022-02-01,7349.5712890625,7349.5712890625,7349.5712890625,7349.5712890625,0
2022-02-02,7349.5712890625,7349.5712890625,7349.5712890625,7349.5712890625,0
2022-02-03,7349.5712890625,7349.5712890625,7349.5712890625,7349.5712890625,0
2022-02-04,7349.5712890625,7349.5712890625,7349.5712890625,7349.5712890625,0
2022-02-07,7349.5712890625,7349.5712890625,7349.5712890625,7349.5712890625,0
2022-02-08,7349.5712890625,7349.5712890625,7349.5712890625,7349.5712890625,0
2022-02-09,7349.5712890625,7349.5712890625,7349.5712890625,7349.5712890625,0
2022-02-10,7349.6337890625,7349.6337890625,7349.6337890625,7349.6337890625,0
2022-02-11,7349.6337890625,7349.6337890625,7349.6337890625,7349.6337890625,0
2022-02-14,7349.6337890625,7349.6337890625,7349.6337890625,7349.6337890625,0
2022-02-15,7349.6337890625,7349.6337890625,7349.6337890625,7349.6337890625,0
2022-02-16,7349.6337890625,7349.6337890625,7349.6337890625,7349.6337890625,0
2022-02-17,7349.6337890625,7349.6337890625,7349.6337890625,7349.6337890625,0
2022-02-18,7349.6337890625,7349.6337890625,7349.6337890625,7349.6337890625,0
2022-02-21,7349.6337890625,7349.6337890625,7349.6337890625,7349.6337890625,0
2022-02-22,7349.6337890625,7349.6337890625,7349.6337890625,7349.6337890625,0
2022-02-23,7349.6337890625,7349.6337890625,7349.6337890625,7349.6337890625,0
2022-02-24,7349.6337890625,7349.6337890625,7349.6337890625,7349.6337890625,0
2022-02-25,7349.6337890625,7349.6337890625,7349.6337890625,7349.6337890625,0
2022-03-02,7349.6337890625,7349.6337890625,7349.6337890625,7349.6337890625,0
2022-03-03,7349.6337890625,7349.6337890625,7349.6337890625,7349.6337890625,0
2022-03-04,7349.6337890625,7349.6337890625,7349.6337890625,7349.6337890625,0
2022-03-07,7349.6337890625,7349.6337890625,7349.6337890625,7349.6337890625,0
2022-03-08,7349.6337890625,7349.6337890625,7349.6337890625,7349.6337890625,0
2022-03-09,7349.6337890625,7349.6337890625,7349.6337890625,7349.6337890625,0
2022-03-10,7349.6337890625,7349.6337890625,7349.6337890625,7349.6337890625,0
2022-03-11,7349.6337890625,7349.6337890625,7349.6337890625,7349.6337890625,0
2022-03-14,7349.6337890625,7349.6337890625,7349.6337890625,7349.6337890625,0
2022-03-15,7349.6337890625,7349.6337890625,7349.6337890625,7349.6337890625,0
2022-03-16,7349.6337890625,7349.6337890625,7349.6337890625,7349.6337890625,0
2022-03-17,7349.6337890625,7349.6337890625,7349.6337890625,7349.6337890625,0
2022-03-18,7349.6337890625,7349.6337890625,7349.6337890625,7349.6337890625,0
2022-03-21,7349.6337890625,7349.6337890625,7349.6337890625,7349.6337890625,0
2022-03-22,7349.6337890625,7349.6337890625,7349.6337890625,7349.6337890625,0
2022-03-23,7349.6337890625,7349.6337890625,7349.6337890625,7349.6337890625,0
2022-03-25,7349.6337890625,7349.6337890625,7349.6337890625,7349.6337890625,0
2022-03-28,7349.6337890625,7349.6337890625,7349.6337890625,7349.6337890625,0
2022-03-29,7349.6337890625,7349.6337890625,7349.6337890625,7349.6337890625,0
2022-03-30,7349.6337890625,7349.6337890625,7349.6337890625,7349.6337890625,0
2022-03-31,7349.6337890625,7349.6337890625,7349.6337890625,7349.6337890625,0
2022-04-01,7349.6337890625,7349.6337890625,7349.6337890625,7349.6337890625,0
2022-04-04,7349.6337890625,7349.6337890625,7349.6337890625,7349.6337890625,0
2022-04-05,7349.6337890625,7349.6337890625,7349.6337890625,7349.6337890625,0
2022-04-06,7349.6337890625,7349.6337890625,7349.6337890625,7349.6337890625,0
2022-04-07,7349.6337890625,7349.6337890625,7349.6337890625,7349.6337890625,0
2022-04-08,7349.6337890625,7349.6337890625,7349.6337890625,7349.6337890625,0
2022-04-11,7349.6337890625,7349.6337890625,7349.6337890625,7349.6337890625,0
2022-04-12,7349.6337890625,7349.6337890625,7349.6337890625,7349.6337890625,0
2022-04-13,7349.6337890625,7349.6337890625,7349.6337890625,7349.6337890625,0
2022-04-18,7349.6337890625,7349.6337890625,7349.6337890625,7349.6337890625,0
2022-04-19,7349.6337890625,7349.6337890625,7349.6337890625,7349.6337890625,0
2022-04-20,7349.6337890625,7349.6337890625,7349.6337890625,7349.6337890625,0
2022-04-21,7349.6337890625,7349.6337890625,7349.6337890625,7349.6337890625,0
2022-04-22,7349.6337890625,7349.6337890625,7349.6337890625,7349.6337890625,0
2022-04-25,7349.6337890625,7349.6337890625,7349.6337890625,7349.6337890625,0
2022-04-26,7349.6337890625,7349.6337890625,7349.6337890625,7349.6337890625,0
2022-04-27,7349.6337890625,7349.6337890625,7349.6337890625,7349.6337890625,0
2022-04-28,7349.6337890625,7349.6337890625,7349.6337890625,7349.6337890625,0
2022-04-29,7349.6337890625,7349.6337890625,7349.6337890625,7349.6337890625,0
2022-05-02,7349.6337890625,7349.6337890625,7349.6337890625,7349.6337890625,0
2022-05-03,7349.6337890625,7349.6337890625,7349.6337890625,7349.6337890625,0
2022-05-04,7349.6337890625,7349.6337890625,7349.6337890625,7349.6337890625,0
2022-05-05,7349.6337890625,7349.6337890625,7349.6337890625,7349.6337890625,0
2022-05-06,7349.6337890625,7349.6337890625,7349.6337890625,7349.6337890625,0
2022-05-09,7349.6337890625,7349.6337890625,7349.6337890625,7349.6337890625,0
2022-05-10,7349.6337890625,7349.6337890625,7349.6337890625,7349.6337890625,0
2022-05-11,7349.6337890625,7349.6337890625,7349.6337890625,7349.6337890625,0
2022-05-12,7349.6962890625,7349.6962890625,7349.6962890625,7349.6962890625,0
2022-05-13,7349.6962890625,7349.6962890625,7349.6962890625,7349.6962890625,0
2022-05-16,7349.6962890625,7349.6962890625,7349.6962890625,7349.6962890625,0
2022-05-17,7349.6962890625,7349.6962890625,7349.6962890625,7349.6962890625,0
2022-05-19,7349.6962890625,7349.6962890625,7349.6962890625,7349.6962890625,0
2022-05-20,7349.6962890625,7349.6962890625,7349.6962890625,7349.6962890625,0
2022-05-23,7349.6962890625,7349.6962890625,7349.6962890625,7349.6962890625,0
2022-05-24,7349.6962890625,7349.6962890625,7349.6962890625,7349.6962890625,0
2022-05-26,7349.6962890625,7349.6962890625,7349.6962890625,7349.6962890625,0
2022-05-27,7349.6962890625,7349.6962890625,7349.6962890625,7349.6962890625,0
2022-05-30,7349.6962890625,7349.6962890625,7349.6962890625,7349.6962890625,0
2022-05-31,7349.6962890625,7349.6962890625,7349.6962890625,7349.6962890625,0
2022-06-01,7349.6962890625,7349.6962890625,7349.6962890625,7349.6962890625,0
2022-06-02,7349.6962890625,7349.6962890625,7349.6962890625,7349.6962890625,0
2022-06-03,7349.6962890625,7349.6962890625,7349.6962890625,7349.6962890625,0
2022-06-06,7349.6962890625,7349.6962890625,7349.6962890625,7349.6962890625,0
2022-06-07,7349.6962890625,7349.6962890625,7349.6962890625,7349.6962890625,0
2022-06-08,7349.6962890625,7349.6962890625,7349.6962890625,7349.6962890625,0
2022-06-09,7349.6962890625,7349.6962890625,7349.6962890625,7349.6962890625,0
2022-06-10,7349.6962890625,7349.6962890625,7349.6962890625,7349.6962890625,0
2022-06-13,7349.6962890625,7349.6962890625,7349.6962890625,7349.6962890625,0
2022-06-14,7349.6962890625,7349.6962890625,7349.6962890625,7349.6962890625,0
2022-06-15,7349.6962890625,7349.6962890625,7349.6962890625,7349.6962890625,0
2022-06-16,7349.6962890625,7349.6962890625,7349.6962890625,7349.6962890625,0
2022-06-21,7349.6962890625,7349.6962890625,7349.6962890625,7349.6962890625,0
2022-06-22,7349.6962890625,7349.6962890625,7349.6962890625,7349.6962890625,0
2022-06-23,7349.6962890625,7349.6962890625,7349.6962890625,7349.6962890625,0
2022-06-24,7349.6962890625,7349.6962890625,7349.6962890625,7349.6962890625,0
2022-06-27,7349.6962890625,7349.6962890625,7349.6962890625,7349.6962890625,0
2022-06-28,7349.6962890625,7349.6962890625,7349.6962890625,7349.6962890625,0
2022-06-29,7349.6962890625,7349.6962890625,7349.6962890625,7349.6962890625,0
2022-06-30,7349.6962890625,7349.6962890625,7349.6962890625,7349.6962890625,0
2022-07-01,7349.6962890625,7349.6962890625,7349.6962890625,7349.6962890625,0
2022-07-04,7349.6962890625,7349.6962890625,7349.6962890625,7349.6962890625,0
2022-07-05,7349.6962890625,7349.6962890625,7349.6962890625,7349.6962890625,0
2022-07-06,7349.6962890625,7349.6962890625,7349.6962890625,7349.6962890625,0
2022-07-07,7349.6962890625,7349.6962890625,7349.6962890625,7349.6962890625,0
2022-07-08,7349.6962890625,7349.6962890625,7349.6962890625,7349.6962890625,0
2022-07-11,7349.6962890625,7349.6962890625,7349.6962890625,7349.6962890625,0
2022-07-12,7349.6962890625,7349.6962890625,7349.6962890625,7349.6962890625,0
2022-07-13,7349.6962890625,7349.6962890625,7349.6962890625,7349.6962890625,0
2022-07-14,7349.6962890625,7349.6962890625,7349.6962890625,7349.6962890625,0
2022-07-15,7349.6962890625,7349.6962890625,7349.6962890625,7349.6962890625,0
2022-07-18,7349.6962890625,7349.6962890625,7349.6962890625,7349.6962890625,0
2022-07-19,7349.6962890625,7349.6962890625,7349.6962890625,7349.6962890625,0
2022-07-20,7349.6962890625,7349.6962890625,7349.6962890625,7349.6962890625,0
2022-07-21,7349.6962890625,7349.6962890625,7349.6962890625,7349.6962890625,0
2022-07-22,7349.6962890625,7349.6962890625,7349.6962890625,7349.6962890625,0
2022-07-25,7349.6962890625,7349.6962890625,7349.6962890625,7349.6962890625,0
2022-07-26,7349.6962890625,7349.6962890625,7349.6962890625,7349.6962890625,0
2022-07-27,7349.6962890625,7349.6962890625,7349.6962890625,7349.6962890625,0
2022-07-28,7349.6962890625,7349.6962890625,7349.6962890625,7349.6962890625,0
2022-07-29,7349.6962890625,7349.6962890625,7349.6962890625,7349.6962890625,0
2022-08-01,7349.6962890625,7349.6962890625,7349.6962890625,7349.6962890625,0
2022-08-02,7349.6962890625,7349.6962890625,7349.6962890625,7349.6962890625,0
2022-08-03,7349.6962890625,7349.6962890625,7349.6962890625,7349.6962890625,0
2022-08-04,7349.6962890625,7349.6962890625,7349.6962890625,7349.6962890625,0
2022-08-05,7349.6962890625,7349.6962890625,7349.6962890625,7349.6962890625,0
2022-08-08,7349.6962890625,7349.6962890625,7349.6962890625,7349.6962890625,0
2022-08-09,7349.6962890625,7349.6962890625,7349.6962890625,7349.6962890625,0
2022-08-10,7349.6962890625,7349.6962890625,7349.6962890625,7349.6962890625,0
2022-08-11,7349.7587890625,7349.7587890625,7349.7587890625,7349.7587890625,0
2022-08-12,7349.7587890625,7349.7587890625,7349.7587890625,7349.7587890625,0
2022-08-16,7349.7587890625,7349.7587890625,7349.7587890625,7349.7587890625,0
2022-08-17,7349.7587890625,7349.7587890625,7349.7587890625,7349.7587890625,0
2022-08-18,7349.7587890625,7349.7587890625,7349.7587890625,7349.7587890625,0
2022-08-19,7349.7587890625,7349.7587890625,7349.7587890625,7349.7587890625,0
2022-08-22,7349.7587890625,7349.7587890625,7349.7587890625,7349.7587890625,0
2022-08-23,7349.7587890625,7349.7587890625,7349.7587890625,7349.7587890625,0
2022-08-24,7349.7587890625,7349.7587890625,7349.7587890625,7349.7587890625,0
2022-08-25,7349.7587890625,7349.7587890625,7349.7587890625,7349.7587890625,0
2022-08-26,7349.7587890625,7349.7587890625,7349.7587890625,7349.7587890625,0
2022-08-29,7349.7587890625,7349.7587890625,7349.7587890625,7349.7587890625,0
2022-08-30,7349.7587890625,7349.7587890625,7349.7587890625,7349.7587890625,0
2022-08-31,7349.7587890625,7349.7587890625,7349.7587890625,7349.7587890625,0
2022-09-01,7349.7587890625,7349.7587890625,7349.7587890625,7349.7587890625,0
2022-09-05,7349.7587890625,7349.7587890625,7349.7587890625,7349.7587890625,0
2022-09-06,7349.7587890625,7349.7587890625,7349.7587890625,7349.7587890625,0
2022-09-07,7349.7587890625,7349.7587890625,7349.7587890625,7349.7587890625,0
2022-09-08,7349.7587890625,7349.7587890625,7349.7587890625,7349.7587890625,0
2022-09-09,7349.7587890625,7349.7587890625,7349.7587890625,7349.7587890625,0
2022-09-12,7349.7587890625,7349.7587890625,7349.7587890625,7349.7587890625,0
2022-09-13,7349.7587890625,7349.7587890625,7349.7587890625,7349.7587890625,0
2022-09-14,7349.7587890625,7349.7587890625,7349.7587890625,7349.7587890625,0
2022-09-15,7349.7587890625,7349.7587890625,7349.7587890625,7349.7587890625,0
2022-09-16,7349.7587890625,7349.7587890625,7349.7587890625,7349.7587890625,0
2022-09-19,7349.7587890625,7349.7587890625,7349.7587890625,7349.7587890625,0
2022-09-20,7349.7587890625,7349.7587890625,7349.7587890625,7349.7587890625,0
2022-09-21,7349.7587890625,7349.7587890625,7349.7587890625,7349.7587890625,0
2022-09-22,7349.7587890625,7349.7587890625,7349.7587890625,7349.7587890625,0
2022-09-23,7349.7587890625,7349.7587890625,7349.7587890625,7349.7587890625,0
2022-09-26,7349.7587890625,7349.7587890625,7349.7587890625,7349.7587890625,0
2022-09-27,7349.7587890625,7349.7587890625,7349.7587890625,7349.7587890625,0
2022-09-28,7349.7587890625,7349.7587890625,7349.7587890625,7349.7587890625,0
2022-09-29,7349.7587890625,7349.7587890625,7349.7587890625,7349.7587890625,0
2022-09-30,7349.7587890625,7349.7587890625,7349.7587890625,7349.7587890625,0
2022-10-03,7349.7587890625,7349.7587890625,7349.7587890625,7349.7587890625,0
2022-10-04,7349.7587890625,7349.7587890625,7349.7587890625,7349.7587890625,0
2022-10-05,7349.7587890625,7349.7587890625,7349.7587890625,7349.7587890625,0
2022-10-06,7349.7587890625,7349.7587890625,7349.7587890625,7349.7587890625,0
2022-10-11,7349.7587890625,7349.7587890625,7349.7587890625,7349.7587890625,0
2022-10-12,7349.7587890625,7349.7587890625,7349.7587890625,7349.7587890625,0
2022-10-13,7349.7587890625,7349.7587890625,7349.7587890625,7349.7587890625,0
2022-10-14,7349.7587890625,7349.7587890625,7349.7587890625,7349.7587890625,0
2022-10-17,7349.7587890625,7349.7587890625,7349.7587890625,7349.7587890625,0
2022-10-18,7349.7587890625,7349.7587890625,7349.7587890625,7349.7587890625,0
2022-10-19,7349.7587890625,7349.7587890625,7349.7587890625,7349.7587890625,0
2022-10-20,7349.7587890625,7349.7587890625,7349.7587890625,7349.7587890625,0
2022-10-21,7349.7587890625,7349.7587890625,7349.7587890625,7349.7587890625,0
2022-10-24,7349.7587890625,7349.7587890625,7349.7587890625,7349.7587890625,0
2022-10-25,7349.7587890625,7349.7587890625,7349.7587890625,7349.7587890625,0
2022-10-26,7349.7587890625,7349.7587890625,7349.7587890625,7349.7587890625,0
2022-10-27,7349.7587890625,7349.7587890625,7349.7587890625,7349.7587890625,0
2022-10-28,7349.7587890625,7349.7587890625,7349.7587890625,7349.7587890625,0
2022-10-31,7349.7587890625,7349.7587890625,7349.7587890625,7349.7587890625,0
2022-11-01,7349.7587890625,7349.7587890625,7349.7587890625,7349.7587890625,0
2022-11-02,7349.7587890625,7349.7587890625,7349.7587890625,7349.7587890625,0
2022-11-03,7349.7587890625,7349.7587890625,7349.7587890625,7349.7587890625,0
2022-11-04,7349.7587890625,7349.7587890625,7349.7587890625,7349.7587890625,0
2022-11-07,7349.7587890625,7349.7587890625,7349.7587890625,7349.7587890625,0
2022-11-08,7349.7587890625,7349.7587890625,7349.7587890625,7349.7587890625,0
2022-11-09,7349.83349609375,7349.83349609375,7349.83349609375,7349.83349609375,0
2022-11-10,7349.83349609375,7349.83349609375,7349.83349609375,7349.83349609375,0
2022-11-11,7349.83349609375,7349.83349609375,7349.83349609375,7349.83349609375,0
2022-11-14,7349.83349609375,7349.83349609375,7349.83349609375,7349.83349609375,0
2022-11-15,7349.83349609375,7349.83349609375,7349.83349609375,7349.83349609375,0
2022-11-16,7349.83349609375,7349.83349609375,7349.83349609375,7349.83349609375,0
2022-11-17,7349.83349609375,7349.83349609375,7349.83349609375,7349.83349609375,0
2022-11-18,7349.83349609375,7349.83349609375,7349.83349609375,7349.83349609375,0
2022-11-22,7349.83349609375,7349.83349609375,7349.83349609375,7349.83349609375,0
2022-11-23,7349.83349609375,7349.83349609375,7349.83349609375,7349.83349609375,0
2022-11-24,7349.83349609375,7349.83349609375,7349.83349609375,7349.83349609375,0
2022-11-25,7349.83349609375,7349.83349609375,7349.83349609375,7349.83349609375,0
2022-11-28,7349.83349609375,7349.83349609375,7349.83349609375,7349.83349609375,0
2022-11-29,7349.83349609375,7349.83349609375,7349.83349609375,7349.83349609375,0
2022-11-30,7349.83349609375,7349.83349609375,7349.83349609375,7349.83349609375,0
2022-12-01,7349.83349609375,7349.83349609375,7349.83349609375,7349.83349609375,0
2022-12-02,7349.83349609375,7349.83349609375,7349.83349609375,7349.83349609375,0
2022-12-05,7349.83349609375,7349.83349609375,7349.83349609375,7349.83349609375,0
2022-12-06,7349.83349609375,7349.83349609375,7349.83349609375,7349.83349609375,0
2022-12-07,7349.83349609375,7349.83349609375,7349.83349609375,7349.83349609375,0
2022-12-12,7349.83349609375,7349.83349609375,7349.83349609375,7349.83349609375,0
2022-12-13,7349.83349609375,7349.83349609375,7349.83349609375,7349.83349609375,0
2022-12-14,7349.83349609375,7349.83349609375,7349.83349609375,7349.83349609375,0
2022-12-15,7349.83349609375,7349.83349609375,7349.83349609375,7349.83349609375,0
2022-12-16,7349.83349609375,7349.83349609375,7349.83349609375,7349.83349609375,0
2022-12-19,7349.83349609375,7349.83349609375,7349.83349609375,7349.83349609375,0
2022-12-20,7349.83349609375,7349.83349609375,7349.83349609375,7349.83349609375,0
2022-12-21,7349.83349609375,7349.83349609375,7349.83349609375,7349.83349609375,0
2022-12-22,7349.83349609375,7349.83349609375,7349.83349609375,7349.83349609375,0
2022-12-23,7349.83349609375,7349.83349609375,7349.83349609375,7349.83349609375,0
2022-12-26,7349.83349609375,7349.83349609375,7349.83349609375,7349.83349609375,0
2022-12-27,7349.83349609375,7349.83349609375,7349.83349609375,7349.83349609375,0
2022-12-28,7349.83349609375,7349.83349609375,7349.83349609375,7349.83349609375,0
2022-12-29,7349.83349609375,7349.83349609375,7349.83349609375,7349.83349609375,0
2022-12-30,7349.83349609375,7349.83349609375,7349.83349609375,7349.83349609375,0
2023-01-02,7349.83349609375,7349.83349609375,7349.83349609375,7349.83349609375,0
2023-01-03,7349.83349609375,7349.83349609375,7349.83349609375,7349.83349609375,0
2023-01-04,7349.83349609375,7349.83349609375,7349.83349609375,7349.83349609375,0
2023-01-05,7349.83349609375,7349.83349609375,7349.83349609375,7349.83349609375,0
2023-01-06,7349.83349609375,7349.83349609375,7349.83349609375,7349.83349609375,0
2023-01-09,7349.83349609375,7349.83349609375,7349.83349609375,7349.83349609375,0
2023-01-10,7349.83349609375,7349.83349609375,7349.83349609375,7349.83349609375,0
2023-01-11,7349.83349609375,7349.83349609375,7349.83349609375,7349.83349609375,0
2023-01-12,7349.83349609375,7349.83349609375,7349.83349609375,7349.83349609375,0
2023-01-13,7349.83349609375,7349.83349609375,7349.83349609375,7349.83349609375,0
2023-01-16,7349.83349609375,7349.83349609375,7349.83349609375,7349.83349609375,0
2023-01-17,7349.83349609375,7349.83349609375,7349.83349609375,7349.83349609375,0
2023-01-18,7349.83349609375,7349.83349609375,7349.83349609375,7349.83349609375,0
2023-01-19,7349.83349609375,7349.83349609375,7349.83349609375,7349.83349609375,0
2023-01-20,7349.83349609375,7349.83349609375,7349.83349609375,7349.83349609375,0
2023-01-23,7349.83349609375,7349.83349609375,7349.83349609375,7349.83349609375,0
2023-01-24,7349.83349609375,7349.83349609375,7349.83349609375,7349.83349609375,0
2023-01-25,7349.83349609375,7349.83349609375,7349.83349609375,7349.83349609375,0
2023-01-26,7349.83349609375,7349.83349609375,7349.83349609375,7349.83349609375,0
2023-01-27,7349.83349609375,7349.83349609375,7349.83349609375,7349.83349609375,0
2023-01-30,7349.83349609375,7349.83349609375,7349.83349609375,7349.83349609375,0
2023-01-31,7349.83349609375,7349.83349609375,7349.83349609375,7349.83349609375,0
2023-02-01,7349.83349609375,7349.83349609375,7349.83349609375,7349.83349609375,0
2023-02-02,7349.83349609375,7349.83349609375,7349.83349609375,7349.83349609375,0
2023-02-03,7349.83349609375,7349.83349609375,7349.83349609375,7349.83349609375,0
2023-02-06,7349.83349609375,7349.83349609375,7349.83349609375,7349.83349609375,0
2023-02-07,7349.83349609375,7349.83349609375,7349.83349609375,7349.83349609375,0
2023-02-08,7349.83349609375,7349.83349609375,7349.83349609375,7349.83349609375,0
2023-02-09,7349.8583984375,7349.8583984375,7349.8583984375,7349.8583984375,0
2023-02-10,7349.8583984375,7349.8583984375,7349.8583984375,7349.8583984375,0
2023-02-13,7349.8583984375,7349.8583984375,7349.8583984375,7349.8583984375,0
2023-02-14,7349.8583984375,7349.8583984375,7349.8583984375,7349.8583984375,0
2023-02-15,7349.8583984375,7349.8583984375,7349.8583984375,7349.8583984375,0
2023-02-16,7349.8583984375,7349.8583984375,7349.8583984375,7349.8583984375,0
2023-02-17,7349.8583984375,7349.8583984375,7349.8583984375,7349.8583984375,0
2023-02-22,7349.8583984375,7349.8583984375,7349.8583984375,7349.8583984375,0
2023-02-23,7349.8583984375,7349.8583984375,7349.8583984375,7349.8583984375,0
2023-02-24,7349.8583984375,7349.8583984375,7349.8583984375,7349.8583984375,0
2023-02-27,7349.8583984375,7349.8583984375,7349.8583984375,7349.8583984375,0
2023-02-28,7349.8583984375,7349.8583984375,7349.8583984375,7349.8583984375,0
2023-03-01,7349.8583984375,7349.8583984375,7349.8583984375,7349.8583984375,0
2023-03-02,7349.8583984375,7349.8583984375,7349.8583984375,7349.8583984375,0
2023-03-03,7349.8583984375,7349.8583984375,7349.8583984375,7349.8583984375,0
2023-03-06,7349.8583984375,7349.8583984375,7349.8583984375,7349.8583984375,0
2023-03-07,7349.8583984375,7349.8583984375,7349.8583984375,7349.8583984375,0
2023-03-08,7349.8583984375,7349.8583984375,7349.8583984375,7349.8583984375,0
2023-03-09,7349.8583984375,7349.8583984375,7349.8583984375,7349.8583984375,0
2023-03-10,7349.8583984375,7349.8583984375,7349.8583984375,7349.8583984375,0
2023-03-13,7349.8583984375,7349.8583984375,7349.8583984375,7349.8583984375,0
2023-03-14,7349.8583984375,7349.8583984375,7349.8583984375,7349.8583984375,0
2023-03-15,7349.8583984375,7349.8583984375,7349.8583984375,7349.8583984375,0
2023-03-16,7349.8583984375,7349.8583984375,7349.8583984375,7349.8583984375,0
2023-03-17,7349.8583984375,7349.8583984375,7349.8583984375,7349.8583984375,0
2023-03-20,7349.8583984375,7349.8583984375,7349.8583984375,7349.8583984375,0
2023-03-21,7349.8583984375,7349.8583984375,7349.8583984375,7349.8583984375,0
2023-03-22,7349.8583984375,7349.8583984375,7349.8583984375,7349.8583984375,0
2023-03-23,7349.8583984375,7349.8583984375,7349.8583984375,7349.8583984375,0
2023-03-27,7349.8583984375,7349.8583984375,7349.8583984375,7349.8583984375,0
2023-03-28,7349.8583984375,7349.8583984375,7349.8583984375,7349.8583984375,0
2023-03-29,7349.8583984375,7349.8583984375,7349.8583984375,7349.8583984375,0
2023-03-30,7349.8583984375,7349.8583984375,7349.8583984375,7349.8583984375,0
2023-03-31,7349.8583984375,7349.8583984375,7349.8583984375,7349.8583984375,0
2023-04-03,7349.8583984375,7349.8583984375,7349.8583984375,7349.8583984375,0
2023-04-04,7349.8583984375,7349.8583984375,7349.8583984375,7349.8583984375,0
2023-04-05,7349.8583984375,7349.8583984375,7349.8583984375,7349.8583984375,0
2023-04-10,7349.8583984375,7349.8583984375,7349.8583984375,7349.8583984375,0
2023-04-11,7349.8583984375,7349.8583984375,7349.8583984375,7349.8583984375,0
2023-04-12,7349.8583984375,7349.8583984375,7349.8583984375,7349.8583984375,0
2023-04-13,7349.8583984375,7349.8583984375,7349.8583984375,7349.8583984375,0
2023-04-14,7349.8583984375,7349.8583984375,7349.8583984375,7349.8583984375,0
2023-04-17,7349.8583984375,7349.8583984375,7349.8583984375,7349.8583984375,0
2023-04-18,7349.8583984375,7349.8583984375,7349.8583984375,7349.8583984375,0
2023-04-19,7349.8583984375,7349.8583984375,7349.8583984375,7349.8583984375,0
2023-04-20,7349.8583984375,7349.8583984375,7349.8583984375,7349.8583984375,0
2023-04-21,7349.8583984375,7349.8583984375,7349.8583984375,7349.8583984375,0
2023-04-24,7349.8583984375,7349.8583984375,7349.8583984375,7349.8583984375,0
2023-04-25,7349.8583984375,7349.8583984375,7349.8583984375,7349.8583984375,0
2023-04-26,7349.8583984375,7349.8583984375,7349.8583984375,7349.8583984375,0
2023-04-27,7349.8583984375,7349.8583984375,7349.8583984375,7349.8583984375,0
2023-04-28,7349.8583984375,7349.8583984375,7349.8583984375,7349.8583984375,0
2023-05-02,7349.8583984375,7349.8583984375,7349.8583984375,7349.8583984375,0
2023-05-03,7349.8583984375,7349.8583984375,7349.8583984375,7349.8583984375,0
2023-05-04,7349.8583984375,7349.8583984375,7349.8583984375,7349.8583984375,0
2023-05-05,7349.8583984375,7349.8583984375,7349.8583984375,7349.8583984375,0
2023-05-08,7349.8583984375,7349.8583984375,7349.8583984375,7349.8583984375,0
2023-05-09,7349.8583984375,7349.8583984375,7349.8583984375,7349.8583984375,0
2023-05-10,7349.8583984375,7349.8583984375,7349.8583984375,7349.8583984375,0
2023-05-11,7349.88330078125,7349.88330078125,7349.88330078125,7349.88330078125,0
2023-05-12,7349.88330078125,7349.88330078125,7349.88330078125,7349.88330078125,0
2023-05-15,7349.88330078125,7349.88330078125,7349.88330078125,7349.88330078125,0
2023-05-16,7349.88330078125,7349.88330078125,7349.88330078125,7349.88330078125,0
2023-05-17,7349.88330078125,7349.88330078125,7349.88330078125,7349.88330078125,0
2023-05-18,7349.88330078125,7349.88330078125,7349.88330078125,7349.88330078125,0
2023-05-19,7349.88330078125,7349.88330078125,7349.88330078125,7349.88330078125,0
2023-05-22,7349.88330078125,7349.88330078125,7349.88330078125,7349.88330078125,0
2023-05-23,7349.88330078125,7349.88330078125,7349.88330078125,7349.88330078125,0
2023-05-24,7349.88330078125,7349.88330078125,7349.88330078125,7349.88330078125,0
2023-05-29,7349.88330078125,7349.88330078125,7349.88330078125,7349.88330078125,0
2023-05-30,7349.88330078125,7349.88330078125,7349.88330078125,7349.88330078125,0
2023-05-31,7349.88330078125,7349.88330078125,7349.88330078125,7349.88330078125,0
2023-06-01,7349.88330078125,7349.88330078125,7349.88330078125,7349.88330078125,0
2023-06-02,7349.88330078125,7349.88330078125,7349.88330078125,7349.88330078125,0
2023-06-05,7349.88330078125,7349.88330078125,7349.88330078125,7349.88330078125,0
2023-06-06,7349.88330078125,7349.88330078125,7349.88330078125,7349.88330078125,0
2023-06-07,7349.88330078125,7349.88330078125,7349.88330078125,7349.88330078125,0
2023-06-08,7349.88330078125,7349.88330078125,7349.88330078125,7349.88330078125,0
2023-06-09,7349.88330078125,7349.88330078125,7349.88330078125,7349.88330078125,0
2023-06-12,7349.88330078125,7349.88330078125,7349.88330078125,7349.88330078125,0
2023-06-13,7349.88330078125,7349.88330078125,7349.88330078125,7349.88330078125,0
2023-06-14,7349.88330078125,7349.88330078125,7349.88330078125,7349.88330078125,0
2023-06-15,7349.88330078125,7349.88330078125,7349.88330078125,7349.88330078125,0
2023-06-16,7349.88330078125,7349.88330078125,7349.88330078125,7349.88330078125,0
2023-06-21,7349.88330078125,7349.88330078125,7349.88330078125,7349.88330078125,0
2023-06-22,7349.88330078125,7349.88330078125,7349.88330078125,7349.88330078125,0
2023-06-23,7349.88330078125,7349.88330078125,7349.88330078125,7349.88330078125,0
2023-06-26,7349.88330078125,7349.88330078125,7349.88330078125,7349.88330078125,0
2023-06-27,7349.88330078125,7349.88330078125,7349.88330078125,7349.88330078125,0
2023-06-28,7349.88330078125,7349.88330078125,7349.88330078125,7349.88330078125,0
2023-06-29,7349.88330078125,7349.88330078125,7349.88330078125,7349.88330078125,0
2023-06-30,7349.88330078125,7349.88330078125,7349.88330078125,7349.88330078125,0
2023-07-03,7349.88330078125,7349.88330078125,7349.88330078125,7349.88330078125,0
2023-07-04,7349.88330078125,7349.88330078125,7349.88330078125,7349.88330078125,0
2023-07-05,7349.88330078125,7349.88330078125,7349.88330078125,7349.88330078125,0
2023-07-06,7349.88330078125,7349.88330078125,7349.88330078125,7349.88330078125,0
2023-07-07,7349.88330078125,7349.88330078125,7349.88330078125,7349.88330078125,0
2023-07-10,7349.88330078125,7349.88330078125,7349.88330078125,7349.88330078125,0
2023-07-11,7349.88330078125,7349.88330078125,7349.88330078125,7349.88330078125,0
2023-07-12,7349.88330078125,7349.88330078125,7349.88330078125,7349.88330078125,0
2023-07-13,7349.88330078125,7349.88330078125,7349.88330078125,7349.88330078125,0
2023-07-14,7349.88330078125,7349.88330078125,7349.88330078125,7349.88330078125,0
2023-07-17,7349.88330078125,7349.88330078125,7349.88330078125,7349.88330078125,0
2023-07-18,7349.88330078125,7349.88330078125,7349.88330078125,7349.88330078125,0
2023-07-19,7349.88330078125,7349.88330078125,7349.88330078125,7349.88330078125,0
2023-07-20,7349.88330078125,7349.88330078125,7349.88330078125,7349.88330078125,0
2023-07-21,7349.88330078125,7349.88330078125,7349.88330078125,7349.88330078125,0
2023-07-24,7349.88330078125,7349.88330078125,7349.88330078125,7349.88330078125,0
2023-07-25,7349.88330078125,7349.88330078125,7349.88330078125,7349.88330078125,0
2023-07-26,7349.88330078125,7349.88330078125,7349.88330078125,7349.88330078125,0
2023-07-27,7349.88330078125,7349.88330078125,7349.88330078125,7349.88330078125,0
2023-07-28,7349.88330078125,7349.88330078125,7349.88330078125,7349.88330078125,0
2023-07-31,7349.88330078125,7349.88330078125,7349.88330078125,7349.88330078125,0
2023-08-01,7349.88330078125,7349.88330078125,7349.88330078125,7349.88330078125,0
2023-08-02,7349.88330078125,7349.88330078125,7349.88330078125,7349.88330078125,0
2023-08-03,7349.88330078125,7349.88330078125,7349.88330078125,7349.88330078125,0
2023-08-04,7349.88330078125,7349.88330078125,7349.88330078125,7349.88330078125,0
2023-08-07,7349.88330078125,7349.88330078125,7349.88330078125,7349.88330078125,0
2023-08-08,7349.88330078125,7349.88330078125,7349.88330078125,7349.88330078125,0
2023-08-09,7349.88330078125,7349.88330078125,7349.88330078125,7349.88330078125,0
2023-08-10,7349.908203125,7349.908203125,7349.908203125,7349.908203125,0
2023-08-11,7349.908203125,7349.908203125,7349.908203125,7349.908203125,0
2023-08-14,7349.908203125,7349.908203125,7349.908203125,7349.908203125,0
2023-08-15,7349.908203125,7349.908203125,7349.908203125,7349.908203125,0
2023-08-16,7349.908203125,7349.908203125,7349.908203125,7349.908203125,0
2023-08-17,7349.908203125,7349.908203125,7349.908203125,7349.908203125,0
2023-08-18,7349.908203125,7349.908203125,7349.908203125,7349.908203125,0
2023-08-22,7349.908203125,7349.908203125,7349.908203125,7349.908203125,0
2023-08-23,7349.908203125,7349.908203125,7349.908203125,7349.908203125,0
2023-08-24,7349.908203125,7349.908203125,7349.908203125,7349.908203125,0
2023-08-25,7349.908203125,7349.908203125,7349.908203125,7349.908203125,0
2023-08-28,7349.908203125,7349.908203125,7349.908203125,7349.908203125,0
2023-08-29,7349.908203125,7349.908203125,7349.908203125,7349.908203125,0
2023-08-30,7349.908203125,7349.908203125,7349.908203125,7349.908203125,0
2023-08-31,7349.908203125,7349.908203125,7349.908203125,7349.908203125,0
2023-09-01,7349.908203125,7349.908203125,7349.908203125,7349.908203125,0
2023-09-04,7349.908203125,7349.908203125,7349.908203125,7349.908203125,0
2023-09-05,7349.908203125,7349.908203125,7349.908203125,7349.908203125,0
2023-09-06,7349.908203125,7349.908203125,7349.908203125,7349.908203125,0
2023-09-07,7349.908203125,7349.908203125,7349.908203125,7349.908203125,0
2023-09-08,7349.908203125,7349.908203125,7349.908203125,7349.908203125,0
2023-09-11,7349.908203125,7349.908203125,7349.908203125,7349.908203125,0
2023-09-12,7349.908203125,7349.908203125,7349.908203125,7349.908203125,0
2023-09-13,7349.908203125,7349.908203125,7349.908203125,7349.908203125,0
2023-09-14,7349.908203125,7349.908203125,7349.908203125,7349.908203125,0
2023-09-15,7349.908203125,7349.908203125,7349.908203125,7349.908203125,0
2023-09-18,7349.908203125,7349.908203125,7349.908203125,7349.908203125,0
2023-09-19,7349.908203125,7349.908203125,7349.908203125,7349.908203125,0
2023-09-20,7349.908203125,7349.908203125,7349.908203125,7349.908203125,0
2023-09-21,7349.908203125,7349.908203125,7349.908203125,7349.908203125,0
2023-09-22,7349.908203125,7349.908203125,7349.908203125,7349.908203125,0
2023-09-25,7349.908203125,7349.908203125,7349.908203125,7349.908203125,0
2023-09-26,7349.908203125,7349.908203125,7349.908203125,7349.908203125,0
2023-09-27,7349.908203125,7349.908203125,7349.908203125,7349.908203125,0
2023-09-28,7349.908203125,7349.908203125,7349.908203125,7349.908203125,0
2023-09-29,7349.908203125,7349.908203125,7349.908203125,7349.908203125,0
2023-10-02,7349.908203125,7349.908203125,7349.908203125,7349.908203125,0
2023-10-03,7349.908203125,7349.908203125,7349.908203125,7349.908203125,0
2023-10-04,7349.908203125,7349.908203125,7349.908203125,7349.908203125,0
2023-10-05,7349.908203125,7349.908203125,7349.908203125,7349.908203125,0
2023-10-06,7349.908203125,7349.908203125,7349.908203125,7349.908203125,0
2023-10-09,7349.908203125,7349.908203125,7349.908203125,7349.908203125,0
2023-10-10,12239.8486328125,12239.8486328125,12239.8486328125,12239.8486328125,4
2023-10-11,12239.8486328125,12239.8486328125,12239.8486328125,12239.8486328125,0
2023-10-12,12239.8486328125,12239.8486328125,12239.8486328125,12239.8486328125,0
2023-10-17,12239.8486328125,12239.8486328125,12239.8486328125,12239.8486328125,0
2023-10-18,12239.8486328125,12239.8486328125,12239.8486328125,12239.8486328125,0
2023-10-19,12239.8486328125,12239.8486328125,12239.8486328125,12239.8486328125,0
2023-10-20,12239.8486328125,12239.8486328125,12239.8486328125,12239.8486328125,0
2023-10-23,12239.8486328125,12239.8486328125,12239.8486328125,12239.8486328125,0
2023-10-24,12239.8486328125,12239.8486328125,12239.8486328125,12239.8486328125,0
2023-10-25,12239.8486328125,12239.8486328125,12239.8486328125,12239.8486328125,0
2023-10-26,12239.8486328125,12239.8486328125,12239.8486328125,12239.8486328125,0
2023-10-27,12239.8486328125,12239.8486328125,12239.8486328125,12239.8486328125,0
2023-10-30,12239.8486328125,12239.8486328125,12239.8486328125,12239.8486328125,0
2023-10-31,12239.8486328125,12239.8486328125,12239.8486328125,12239.8486328125,0
2023-11-01,12239.8486328125,12239.8486328125,12239.8486328125,12239.8486328125,0
2023-11-02,12239.8486328125,12239.8486328125,12239.8486328125,12239.8486328125,0
2023-11-03,12239.8486328125,12239.8486328125,12239.8486328125,12239.8486328125,0
2023-11-07,11649.85546875,11649.85546875,11649.85546875,11649.85546875,13
2023-11-08,11649.884765625,11649.884765625,11649.884765625,11649.884765625,0
2023-11-09,11998.87890625,11998.87890625,11998.378911295993,11998.378911295993,8
2023-11-10,11998.87890625,11998.87890625,11998.87890625,11998.87890625,0
2023-11-13,11998.87890625,11998.87890625,11998.87890625,11998.87890625,0
2023-11-14,11998.87890625,11998.87890625,11998.87890625,11998.87890625,0
2023-11-15,11998.87890625,11998.87890625,11998.87890625,11998.87890625,0
2023-11-16,11998.87890625,11998.87890625,11998.87890625,11998.87890625,0
2023-11-17,11998.87890625,11998.87890625,11998.87890625,11998.87890625,0
2023-11-21,11998.87890625,11998.87890625,11998.87890625,11998.87890625,0
2023-11-22,11998.87890625,11998.87890625,11998.87890625,11998.87890625,0
2023-11-23,11998.87890625,11998.87890625,11998.87890625,11998.87890625,0
2023-11-24,11998.87890625,11998.87890625,11998.87890625,11998.87890625,0
2023-11-27,11998.87890625,11998.87890625,11998.87890625,11998.87890625,0
2023-11-28,11998.87890625,11998.87890625,11998.87890625,11998.87890625,0
2023-11-29,11998.87890625,11998.87890625,11998.87890625,11998.87890625,0
2023-11-30,11998.87890625,11998.87890625,11998.87890625,11998.87890625,0
2023-12-01,11998.87890625,11998.87890625,11998.87890625,11998.87890625,0
2023-12-04,11998.87890625,11998.87890625,11998.87890625,11998.87890625,9
2023-12-05,11998.87890625,11998.87890625,11998.87890625,11998.87890625,0
2023-12-06,11998.87890625,11998.87890625,11998.87890625,11998.87890625,0
2023-12-07,11998.87890625,11998.87890625,11998.87890625,11998.87890625,0
2023-12-11,11998.87890625,11998.87890625,11998.87890625,11998.87890625,0
2023-12-12,11998.87890625,11998.87890625,11998.87890625,11998.87890625,0
2023-12-13,11998.87890625,11998.87890625,11998.87890625,11998.87890625,0
2023-12-14,11998.87890625,11998.87890625,11998.87890625,11998.87890625,0
2023-12-15,11998.87890625,11998.87890625,11998.87890625,11998.87890625,2
2023-12-18,11998.87890625,11998.87890625,11998.87890625,11998.87890625,0
2023-12-19,11998.87890625,11998.87890625,11998.87890625,11998.87890625,0
2023-12-20,11998.87890625,11998.87890625,11998.87890625,11998.87890625,0
2023-12-21,11998.87890625,11998.87890625,11998.87890625,11998.87890625,0
2023-12-22,11998.87890625,11998.87890625,11998.87890625,11998.87890625,0
2023-12-26,11998.87890625,11998.87890625,11998.87890625,11998.87890625,0
2023-12-27,11998.87890625,11998.87890625,11998.87890625,11998.87890625,0
2023-12-28,12100.87890625,12100.87890625,12100.87890625,12100.87890625,2
2023-12-29,12100.87890625,12100.87890625,12100.87890625,12100.87890625,0
2024-01-02,12100.87890625,12100.87890625,12100.87890625,12100.87890625,0
2024-01-03,12100.87890625,12100.87890625,12100.87890625,12100.87890625,0
2024-01-04,12100.87890625,12100.87890625,12100.87890625,12100.87890625,0
2024-01-05,12100.87890625,12100.87890625,12100.87890625,12100.87890625,0
2024-01-08,12100.87890625,12100.87890625,12100.87890625,12100.87890625,0
2024-01-09,12100.87890625,12100.87890625,12100.87890625,12100.87890625,0
2024-01-10,12100.87890625,12100.87890625,12100.87890625,12100.87890625,0
2024-01-11,12100.87890625,12100.87890625,12100.87890625,12100.87890625,0
2024-01-12,12100.87890625,12100.87890625,12100.87890625,12100.87890625,0
2024-01-15,12100.87890625,12100.87890625,12100.87890625,12100.87890625,0
2024-01-16,12100.87890625,12100.87890625,12100.87890625,12100.87890625,0
2024-01-17,12100.87890625,12100.87890625,12100.87890625,12100.87890625,0
2024-01-18,12100.87890625,12100.87890625,12100.87890625,12100.87890625,0
2024-01-19,12100.87890625,12100.87890625,12100.87890625,12100.87890625,0
2024-01-22,12100.87890625,12100.87890625,12100.87890625,12100.87890625,0
2024-01-23,12100.87890625,12100.87890625,12100.87890625,12100.87890625,0
2024-01-24,12100.87890625,12100.87890625,12100.87890625,12100.87890625,0
2024-01-25,12100.87890625,12100.87890625,12100.87890625,12100.87890625,0
2024-01-26,12100.87890625,12100.87890625,12100.87890625,12100.87890625,0
2024-01-29,12100.87890625,12100.87890625,12100.87890625,12100.87890625,0
2024-01-30,12100.87890625,12100.87890625,12100.87890625,12100.87890625,0
2024-01-31,12100.87890625,12100.87890625,12100.87890625,12100.87890625,0
2024-02-01,12100.87890625,12100.87890625,12100.87890625,12100.87890625,0
2024-02-02,12100.87890625,12100.87890625,12100.87890625,12100.87890625,0
2024-02-05,12100.87890625,12100.87890625,12100.87890625,12100.87890625,0
2024-02-06,12100.87890625,12100.87890625,12100.87890625,12100.87890625,0
2024-02-07,12705.873046875,12705.873046875,12705.873046875,12705.873046875,1
2024-02-08,12705.9013671875,12705.9013671875,12705.9013671875,12705.9013671875,0
2024-02-09,12705.9013671875,12705.9013671875,12705.9013671875,12705.9013671875,0
2024-02-14,13302.8984375,13302.8984375,13302.8984375,13302.8984375,6
2024-02-15,13302.8984375,13302.8984375,13302.8984375,13302.8984375,0
2024-02-16,16999.87109375,16999.87109375,16999.87109375,16999.87109375,75
2024-02-19,16999.87109375,16999.87109375,16999.87109375,16999.87109375,0
2024-02-20,16999.87109375,16999.87109375,16999.87109375,16999.87109375,1
2024-02-21,16999.87109375,16999.87109375,16999.87109375,16999.87109375,0
2024-02-22,16999.87109375,16999.87109375,16999.87109375,16999.87109375,0
2024-02-23,16999.87109375,16999.87109375,16999.87109375,16999.87109375,0
2024-02-26,16999.87109375,16999.87109375,16999.87109375,16999.87109375,0
2024-02-27,16999.87109375,16999.87109375,16999.87109375,16999.87109375,0
2024-02-28,16999.87109375,16999.87109375,16999.87109375,16999.87109375,0
2024-02-29,16999.87109375,16999.87109375,16999.87109375,16999.87109375,0
2024-03-01,16999.87109375,16999.87109375,16999.87109375,16999.87109375,0
2024-03-04,16999.87109375,16999.87109375,16999.87109375,16999.87109375,0
2024-03-05,16999.87109375,16999.87109375,16999.87109375,16999.87109375,0
2024-03-06,16999.87109375,16999.87109375,16999.87109375,16999.87109375,0
2024-03-07,16999.87109375,16999.87109375,16999.87109375,16999.87109375,0
2024-03-08,16999.87109375,16999.87109375,16999.87109375,16999.87109375,0
2024-03-11,16999.87109375,16999.87109375,16999.87109375,16999.87109375,0
2024-03-12,16999.87109375,16999.87109375,16999.87109375,16999.87109375,0
2024-03-13,16999.87109375,16999.87109375,16999.87109375,16999.87109375,0
2024-03-14,16999.87109375,16999.87109375,16999.87109375,16999.87109375,0
2024-03-15,16999.87109375,16999.87109375,16999.87109375,16999.87109375,2
2024-03-18,16999.87109375,16999.87109375,16999.87109375,16999.87109375,0
2024-03-19,17799.86328125,17799.86328125,17799.86328125,17799.86328125,3
2024-03-20,17799.86328125,17799.86328125,17799.86328125,17799.86328125,0
2024-03-21,17799.86328125,17799.86328125,17799.86328125,17799.86328125,0
2024-03-22,17799.86328125,17799.86328125,17799.86328125,17799.86328125,0
2024-03-25,17799.86328125,17799.86328125,17799.86328125,17799.86328125,0
2024-03-26,17799.86328125,17799.86328125,17799.86328125,17799.86328125,0
2024-03-27,17799.86328125,17799.86328125,17799.86328125,17799.86328125,0
2024-04-03,17799.86328125,17799.86328125,17799.86328125,17799.86328125,0
2024-04-04,17799.86328125,17799.86328125,17799.86328125,17799.86328125,0
2024-04-05,17799.86328125,17799.86328125,17799.86328125,17799.86328125,0
2024-04-08,17799.86328125,17799.86328125,17799.86328125,17799.86328125,0
2024-04-09,17799.86328125,17799.86328125,17799.86328125,17799.86328125,0
2024-04-10,17799.86328125,17799.86328125,17799.86328125,17799.86328125,0
2024-04-11,17799.86328125,17799.86328125,17799.86328125,17799.86328125,0
2024-04-12,17799.86328125,17799.86328125,17799.86328125,17799.86328125,0
2024-04-15,17799.86328125,17799.86328125,17799.86328125,17799.86328125,0
2024-04-16,17799.86328125,17799.86328125,17799.86328125,17799.86328125,0
2024-04-17,17799.86328125,17799.86328125,17799.86328125,17799.86328125,0
2024-04-18,17799.86328125,17799.86328125,17799.86328125,17799.86328125,0
2024-04-19,17799.86328125,17799.86328125,17799.86328125,17799.86328125,0
2024-04-22,17799.86328125,17799.86328125,17799.86328125,17799.86328125,0
2024-04-23,17799.86328125,17799.86328125,17799.86328125,17799.86328125,0
2024-04-24,17799.86328125,17799.86328125,17799.86328125,17799.86328125,0
2024-04-25,17799.86328125,17799.86328125,17799.86328125,17799.86328125,0
2024-04-26,17799.86328125,17799.86328125,17799.86328125,17799.86328125,0
2024-04-29,17799.86328125,17799.86328125,17799.86328125,17799.86328125,0
2024-04-30,17799.86328125,17799.86328125,17799.86328125,17799.86328125,0
2024-05-02,15499.8798828125,15499.8798828125,15499.8798828125,15499.8798828125,2
2024-05-03,15499.8798828125,15499.8798828125,15499.8798828125,15499.8798828125,0
2024-05-06,16994.87109375,16994.87109375,16994.87109375,16994.87109375,1
2024-05-07,17249.865234375,17249.865234375,17249.865234375,17249.865234375,8
2024-05-08,17249.865234375,17249.865234375,17249.865234375,17249.865234375,0
2024-05-09,17189.865234375,17189.865234375,17189.865234375,17189.865234375,16
2024-05-10,17099.865234375,17249.864052220397,17099.865234375,17249.864052220397,7
2024-05-13,17199.865234375,17199.865234375,17199.865234375,17199.865234375,2
2024-05-14,17199.865234375,17199.865234375,17199.865234375,17199.865234375,0
2024-05-15,17199.865234375,17199.865234375,17199.865234375,17199.865234375,0
2024-05-16,17199.89453125,17199.89453125,17199.89453125,17199.89453125,0
2024-05-17,17199.89453125,17199.89453125,17199.89453125,17199.89453125,17
2024-05-20,17199.89453125,17199.89453125,17199.89453125,17199.89453125,0
2024-05-21,18114.892578125,18114.892578125,18114.892578125,18114.892578125,33
2024-05-22,18114.892578125,18114.892578125,18114.892578125,18114.892578125,0
2024-05-23,18114.892578125,18114.892578125,18114.892578125,18114.892578125,0
2024-05-24,18114.892578125,18114.892578125,18114.892578125,18114.892578125,0
2024-05-27,19102.884765625,19249.883878881916,18105.39078281021,18762.886816595397,1827
2024-05-28,18591.88671875,19299.88240489861,18385.387976956656,19249.882709549132,4497
2024-05-29,18186.892578125,18659.88978434115,17926.89411382014,18589.890197797533,3133
2024-05-30,18380.390625,18410.890443506705,17859.89372228721,18199.89169908327,4523
2024-05-31,18865.884765625,18998.88395325503,17875.39081564347,18998.88395325503,3030
2024-06-03,19494.884765625,19530.88455283005,18839.388640266334,19498.884741981117,4166
2024-06-04,19885.87890625,20299.876385239615,19569.88083049947,19889.37888493711,5343
2024-06-05,19959.87890625,20199.377453246336,19009.884669730087,19889.87933092748,3883
2024-06-06,20002.87890625,20498.8759035754,19929.8793481759,20498.8759035754,5278
2024-06-07,20353.376953125,20407.87662364581,20099.878485656645,20199.877881107674,4716
2024-06-10,19966.87890625,20352.87656527802,19749.380225320998,20352.87656527802,8573
2024-06-11,19984.87890625,20359.876634038028,19673.880790671126,20359.876634038028,4321
2024-06-12,19559.3828125,20139.379337526203,19335.384154558848,19999.880173317313,6330
2024-06-13,19184.384765625,19689.881729268745,18792.887117224353,19689.881729268745,8468
2024-06-14,19064.384765625,19359.3829825129,18834.88615282577,19199.883946602324,4650
2024-06-18,19311.384765625,19449.38394216003,18899.887221102064,18899.887221102064,6050
2024-06-19,19609.8828125,19989.880541656043,18819.88753346507,19989.880541656043,2017
2024-06-24,20209.376953125,20667.374164561763,19669.880237906367,19669.880237906367,9825
2024-06-25,20055.876953125,20263.87567701062,19922.877769101982,20204.87603898537,4004
2024-06-26,20446.376953125,20499.376634171418,19979.879760518303,20180.378553910894,4162
2024-06-27,19963.87890625,20328.876692303962,19849.87959772904,19989.878748544255,8672
2024-06-28,19721.8828125,20184.880061368647,19678.883068004638,19999.881160632794,8869
2024-07-01,20634.876953125,20689.876625159013,19742.882272136994,19742.882272136994,9705
2024-07-02,21291.869140625,21469.86804664751,20900.871543687917,20999.870935239764,10209
2024-07-03,21456.869140625,21998.865835140485,20654.874031766296,21199.870707985738,5258
2024-07-04,21771.869140625,22521.36463579763,21150.37287611561,21449.871075987794,2197
2024-07-05,20968.875,21699.87064237684,20744.876335304496,21699.87064237684,9555
2024-07-08,20557.376953125,21180.37322415975,20519.877177581173,21099.873705992337,8559
2024-07-10,20374.876953125,20799.87438650307,19799.880425613497,20799.87438650307,11823
2024-07-11,20624.876953125,20724.876356534092,20149.87978693182,20374.878444602273,9952
2024-07-12,21149.875,21299.874113475176,20749.877364066193,21099.875295508275,7376
2024-07-15,19474.884765625,21174.874706655166,19374.88535732911,21174.874706655166,7949
2024-07-16,19299.884765625,19599.882974417098,18674.888497308126,19599.882974417098,7446
2024-07-17,19799.87890625,19924.878141769255,18899.884410511364,18899.884410511364,8613
2024-07-18,19824.87890625,20199.87661569987,19724.879517063368,19849.878753546658,7337
2024-07-19,19649.8828125,19774.882067032442,19424.884154341602,19774.882067032442,3300
2024-07-22,19799.87890625,19924.878141769255,19624.879976523043,19649.879823626896,6016
2024-07-23,19674.8828125,19799.88206797967,19499.883854828462,19499.883854828462,9940
2024-07-24,18924.884765625,19099.883700049537,18699.886135650595,19049.88400449967,16896
2024-07-25,18799.88671875,19399.88310339096,18724.88717066988,19399.88310339096,8666
2024-07-26,19049.884765625,19274.883404589076,18799.88627788714,18799.88627788714,13314
2024-07-29,18849.884765625,19224.882473163958,18799.885071286473,19224.882473163958,5011
2024-07-30,18499.88671875,18949.883963260134,18449.88702491554,18849.884575591215,4310
2024-07-31,19024.884765625,19049.884614200066,18299.889156948095,18724.88658272421,834
2024-08-01,19199.884765625,19599.882364908855,18924.88641611735,19149.88506571452,7628
2024-08-02,19549.8828125,19624.882362931585,19199.884910485933,19249.884610773657,5697
2024-08-05,19049.884765625,19624.881287422082,18174.89005854249,19199.883858267716,7322
2024-08-06,19174.884765625,19399.88341346154,19074.88536658654,19199.884615384613,4308
2024-08-07,18924.884765625,19449.881568898614,18899.884917850068,19424.88172112368,5036
2024-08-08,18924.884765625,19199.883091149273,18774.885678975395,18974.88446117487,4555
2024-08-09,18799.916015625,19049.9148988115,18699.916462350397,18999.915122174203,4742
2024-08-12,18449.916015625,18824.914308625506,18449.916015625,18799.914422425474,5179
2024-08-13,18424.919921875,18574.919269949965,18324.92035649169,18549.91937860414,5621
2024-08-14,18374.919921875,18499.91937712585,18174.92079347364,18499.91937712585,6139
2024-08-15,18949.9140625,19074.913495629946,18074.91803059037,18374.916670102244,22840
2024-08-16,19199.9140625,19374.913279215496,18849.91562906901,19199.9140625,14203
2024-08-19,19074.9140625,19599.911697247706,18949.914625655307,19599.911697247706,3885
2024-08-20,19249.9140625,19274.913950892857,19024.915066964284,19074.91484375,5522
2024-08-21,19274.9140625,19699.912167639428,19024.915177123865,19699.912167639428,8383
2024-08-22,19199.9140625,19674.91193644206,19074.914621988934,19674.91193644206,4134
2024-08-23,19174.9140625,19249.91372636897,18999.914846805736,19249.91372636897,5419
2024-08-26,19224.9140625,19699.911939206762,19149.914397756827,19499.912833224967,5730
2024-08-27,19474.9140625,19549.913731546854,19199.915275994867,19399.914393453146,3783
2024-08-28,19399.9140625,19624.91306580219,19124.91528068621,19124.91528068621,4687
2024-08-29,19649.9140625,19799.91340648855,19549.91449984097,19699.913843829516,6288
2024-08-30,19949.91015625,19974.910043663847,19574.911845042294,19624.91161986999,4181
2024-09-02,20174.908203125,20899.904904352537,19499.91127439591,19899.90945438352,2149
2024-09-03,20224.908203125,20499.906954959828,20149.908543533686,20199.908316594563,7847
2024-09-04,20199.908203125,20524.90672619508,20124.90854395498,20249.90797590501,8065
2024-09-05,19674.9140625,20199.911769377384,19574.91449928526,20199.911769377384,5822
2024-09-06,19524.9140625,19899.912411971833,19399.914612676057,19899.912411971833,4370
2024-09-09,19699.9140625,19999.912753807108,19499.91493496193,19499.91493496193,5118
2024-09-10,19824.91015625,19849.910042953972,19524.911515802334,19724.91060943411,5299
2024-09-11,19699.9140625,19874.913299095813,19299.91580742386,19824.913517211295,6681
2024-09-12,19949.91015625,19974.910043663847,19574.911845042294,19699.91128211153,8583
2024-09-13,19974.91015625,20174.909256688046,19924.91038114049,19999.910043804757,4675
2024-09-16,20024.908203125,20199.90740090512,19799.90923455056,19999.90831772784,9351
2024-09-17,20149.908203125,20299.907519773573,20024.908772584524,20024.908772584524,36599
2024-09-18,19799.91015625,20099.90879498106,19724.910496567234,19999.909248737375,5398
2024-09-19,19299.9140625,19874.91150218588,19274.914173818004,19824.911724821894,8175
2024-09-20,19349.9140625,19524.913285287468,19099.915172803616,19299.914284560724,4424
2024-09-23,19649.9140625,19699.913843829516,19349.9153745229,19349.9153745229,5378
2024-09-24,18574.916015625,19049.91386797611,18524.916241693303,18999.914094044416,11015
2024-09-25,18449.916015625,18749.914650025406,18124.917495024558,18749.914650025406,18056
2024-09-26,18574.916015625,18824.91488528348,18474.91646776161,18474.91646776161,20588
2024-09-27,18799.916015625,19099.914675448803,18774.916127306347,18899.9155688996,13522
2024-09-30,18899.9140625,18949.913835152118,18599.9154265873,18774.91463086971,5685
2024-10-01,19249.9140625,19324.91372767857,18874.91573660714,18949.915401785714,8855
2024-10-02,18999.9140625,19499.91180098684,18949.914288651315,19499.91180098684,13280
2024-10-03,18949.9140625,19099.913382255938,18849.914515996043,18999.913835751977,6437
2024-10-04,18949.9140625,19149.913155507915,18724.915082866093,19149.913155507915,9699
2024-10-07,18599.916015625,18949.91443527386,18524.916354271674,18949.91443527386,8779
2024-10-08,18574.916015625,18799.914998317632,18524.916241693303,18799.914998317632,8625
2024-10-09,18374.919921875,18599.91894132653,18299.920248724487,18574.91905027636,7292
2024-10-10,18174.919921875,18524.918379792813,18149.92003202373,18399.918930536453,10128
2024-10-14,18449.916015625,18474.915901825032,18074.91772262449,18099.917608824526,12388
2024-10-15,18299.919921875,18599.918609118853,18274.920031271344,18499.919046704235,8187
2024-10-16,18949.9140625,18999.913835751977,18349.916783476252,18349.916783476252,8864
2024-10-17,19274.9140625,19374.913616650454,18999.91528858625,18999.91528858625,4991
2024-10-18,19299.9140625,19499.91317195596,19099.91495304404,19499.91317195596,8302
2024-10-21,19074.9140625,19499.912147771953,18999.914400393183,19499.912147771953,6942
2024-10-22,18899.9140625,19074.91326678241,18824.914403521827,18999.913607804232,8723
2024-10-23,18699.916015625,18949.91489283924,18674.916127903576,18899.91511739639,12101
2024-10-24,18524.916015625,18674.915335589576,18474.916242303476,18674.915335589576,4079
2024-10-25,18249.919921875,18699.91794734589,18174.920250963187,18699.91794734589,5766
2024-10-28,18274.919921875,18699.918059593023,18199.920250512994,18699.918059593023,9783
2024-10-29,18099.919921875,18324.918926428694,18074.920032480146,18274.919147638982,7303
2024-10-30,18674.916015625,18899.91500376506,18199.91815177376,18199.91815177376,6423
2024-10-31,18624.916015625,19449.912295511745,18499.916579278524,18824.915113779363,6840
2024-11-01,18974.9140625,19049.913722826088,18399.916666666664,18799.914855072464,8207
2024-11-04,19124.9140625,19199.913725490194,18774.91563521242,18999.914624183006,10952
2024-11-05,19199.9140625,19324.913503011066,18999.914957682293,19124.91439819336,11601
2024-11-06,19749.9140625,19999.912974683546,19674.914388844936,19899.913409810128,10458
2024-11-07,19774.9140625,19974.913193347027,19649.914605720605,19749.914171144123,7554
2024-11-08,19824.91015625,19974.909476473833,19649.910949322195,19749.910496138084,8279
2024-11-11,20024.908203125,20124.907744713637,19674.909807564763,19824.90911994772,5251
2024-11-12,19899.94140625,19974.941185419284,19699.94199513191,19974.941185419284,4535
2024-11-13,19899.94140625,19999.941111809047,18874.944424269786,19474.94265762406,8441
2024-11-14,19724.9453125,19999.94455006337,19424.94614424905,19424.94614424905,5956
2024-11-15,19549.9453125,19799.944613171356,19399.94573209719,19799.944613171356,2847
2024-11-19,19199.9453125,20249.942321777344,19149.945454915363,20249.942321777344,7335
2024-11-20,18924.9453125,19799.94278401585,18799.94567371202,19274.94430110634,10064
2024-11-21,19124.9453125,19199.945098039214,18774.946313316992,19099.945383986927,4691
2024-11-22,19049.9453125,19349.944451279527,18874.94581487861,19124.945097194883,5619
2024-11-25,19174.9453125,19499.944385593222,19024.94574030313,19499.944385593222,4260
2024-11-26,19249.9453125,19399.94488636364,19099.945738636365,19374.944957386364,3548
2024-11-27,19324.9453125,19424.945029511644,18999.94623221216,19249.94552474127,6524
2024-11-28,19049.9453125,19499.944020669293,18574.94667609908,19499.944020669293,782
2024-11-29,19349.9453125,19524.944817910207,19024.9462310239,19499.94488856589,29988
2024-12-02,19274.9453125,19624.944319471466,19074.945879944877,19099.94580901427,4503
2024-12-03,19249.9453125,19699.94403409091,19024.945951704547,19499.944602272728,7548
2024-12-04,18974.9453125,19699.943222990776,18874.945600708168,19699.943222990776,5057
2024-12-05,18699.9453125,19124.944069602272,18649.94545872326,18824.944946941843,2677
2024-12-06,18524.9453125,19124.94354124494,18424.945607709175,19124.94354124494,3933
2024-12-09,18299.94921875,18674.948178150615,18274.94928812329,18499.948663763662,4435
2024-12-10,18674.9453125,18699.945239290493,18024.947215947122,18024.947215947122,5758
2024-12-11,18599.9453125,18924.944356938846,18549.94545950941,18699.945018481183,2283
2024-12-12,18799.9453125,18949.944876163565,18574.945967004656,18949.944876163565,5613
2024-12-13,19099.9453125,19099.9453125,18774.946243046466,18799.94617146597,2443
2024-12-16,19599.9453125,19649.945172991072,19049.946847098214,19274.946219308036,5583
2024-12-17,20274.94140625,20299.941334001232,19474.943718210543,19699.94306797164,5436
2024-12-18,20324.94140625,21099.93917204797,20224.941694534133,20799.940036900367,16310
2024-12-19,20199.94140625,20899.939375773516,20099.94169631807,20499.940536045793,5992
2024-12-20,20574.94140625,20674.94112146871,19924.94325732837,20499.941619835965,5535
2024-12-23,20624.94140625,20724.941122159093,20349.9421875,20474.941832386365,6594
2024-12-24,20924.94140625,21049.9410562276,20649.942176299282,20649.942176299282,1746
2024-12-26,21149.94140625,21249.941129210994,20799.942375886527,20999.941821808512,7218
2024-12-27,20999.94140625,21374.940359933036,20774.942034040178,21199.940848214286,6539
2024-12-30,20874.94140625,21524.939581773953,20274.943090381737,21524.939581773953,4648
2025-01-02,20499.94140625,21174.939476943597,20399.94169207317,20899.940262957316,16131
2025-01-03,20624.94140625,20999.940340909092,19999.943181818184,20999.940340909092,10055
2025-01-06,20599.94140625,20824.940766269723,19449.944677260315,20599.94140625,5091
2025-01-07,20649.94140625,20799.94098062954,20499.94183187046,20574.94161906023,4300
2025-01-08,20649.94140625,20799.94098062954,20449.941973743946,20649.94140625,3694
2025-01-09,20999.94140625,21374.940359933036,20649.9423828125,20749.942103794645,1169
2025-01-10,20349.94140625,20999.93953470516,19949.942557969902,20999.93953470516,6401
2025-01-13,20224.94140625,20499.940609548827,19999.942058096414,19999.942058096414,3601
2025-01-14,20449.94140625,20599.940976466994,20324.941764402505,20324.941764402505,5323
2025-01-15,20899.94140625,20999.941125897127,20674.94203704396,20999.941125897127,4518
2025-01-16,20924.94140625,21149.940776209678,20749.94189628136,20899.94147625448,2794
2025-01-17,21124.94140625,21199.94119822485,20899.94203032544,20899.94203032544,2969
2025-01-20,21374.9375,21599.936842105264,20199.940935672515,21099.938304093568,1856
2025-01-21,21374.9375,21499.937134502925,21124.938230994154,21499.937134502925,5951
2025-01-22,21399.9375,21524.937134929907,21249.937938084113,21499.937207943924,3490
2025-01-23,21574.9375,21649.93728273465,21299.93829663963,21399.938006952492,5210
2025-01-24,21474.9375,21699.936845168802,20849.939318975554,21699.936845168802,6493
2025-01-27,21824.9375,21874.93735681558,21299.939003436426,21399.938717067584,10145
2025-01-28,21949.9375,22099.93707289294,21599.938496583145,21774.93799829157,6309
2025-01-29,22049.9375,22099.937358276646,21724.938421201816,21999.937641723358,4310
2025-01-30,22499.9375,22574.937291666665,21999.93888888889,21999.93888888889,14349
2025-01-31,22599.93359375,23099.932124585175,22474.933961041206,22699.933299917036,11397
2025-02-03,22824.93359375,22924.933302813526,21774.936648582967,22499.934539293536,12512
2025-02-04,22949.93359375,23024.93337673611,22674.93438946759,22849.93388310185,15645
2025-02-05,23174.93359375,23324.933163936083,22999.93409519957,23099.93380865696,6480
2025-02-06,23149.93359375,23574.93237462878,23024.933952315067,23574.93237462878,6585
2025-02-07,23199.93359375,23399.933021282326,22849.934595568426,22999.93416621767,4239
2025-02-10,23274.93359375,23424.93316578276,23124.93402171724,23199.933807733618,3592
2025-02-11,23224.966796875,23749.96604631997,22924.96722576359,23749.96604631997,7100
2025-02-12,23324.966796875,23799.966120712754,22999.967259512327,23799.966120712754,11621
2025-02-13,23524.966796875,23574.96672630513,23199.967255579173,23499.96683215994,7324
2025-02-14,23549.966796875,23999.96616242038,23449.966937864916,23999.96616242038,5395
2025-02-17,24349.96484375,24974.96394138219,23499.966070970226,23549.9659987808,4357
2025-02-18,23924.96484375,24399.964145768026,23749.965100901256,24399.964145768026,18527
2025-02-19,23949.96484375,24324.964293286794,23849.964990540186,24324.964293286794,5546
2025-02-20,23699.966796875,24049.96630653349,23549.96700702136,23849.96658672864,8274
2025-02-21,23624.966796875,23799.966550925925,23449.967042824075,23799.966550925925,6980
2025-02-24,23674.966796875,23949.96641119984,23424.96714748878,23624.966866997755,10568
2025-02-25,23799.966796875,23874.966692243303,23374.967389787944,23449.96728515625,13829
2025-02-26,23624.966796875,23849.966480654763,23399.967113095237,23399.967113095237,5757
2025-02-27,24074.96484375,24424.964332651867,23574.965573890186,23699.96539135514,8294
2025-02-28,24499.96484375,24574.964736128826,23999.96556122449,24124.965381855865,3528
2025-03-05,24274.96484375,24324.964771337538,23674.965712699537,24049.965169606076,5619
2025-03-06,23499.966796875,24299.96566655585,23449.966867519946,23699.96651429521,10000
2025-03-07,23399.966796875,23774.966264773637,22999.967364449785,23699.96637119391,4562
2025-03-10,23274.966796875,23574.96636890776,22974.96722484224,23374.966654219254,20277
2025-03-11,22724.966796875,22999.96639507701,22474.967162145902,22774.96672382082,11771
2025-03-12,22724.966796875,22774.96672382082,22424.96723520008,22499.967125618812,3814
2025-03-13,22449.96875,22974.968019209355,22449.96875,22599.968541202674,7076
2025-03-14,22874.966796875,22899.96676058743,22524.967304900958,22524.967304900958,5968
2025-03-17,23324.966796875,23424.966654525055,22924.967366274785,22924.967366274785,40251
2025-03-18,24149.96484375,24174.964807356366,23399.965935559005,23399.965935559005,8374
2025-03-19,24349.96484375,24774.96423013989,24124.965168602415,24174.96509641299,5537
2025-03-20,24299.96484375,24499.964554398146,24074.965169270832,24499.964554398146,2940
2025-03-21,24149.96484375,24449.964407026397,24024.965025718167,24349.964552600934,6640
2025-03-25,24849.96484375,24849.96484375,24299.965621856136,24299.965621856136,6183
2025-03-26,24799.96484375,25199.96427671371,24749.964914629538,24999.964560231856,3226
2025-03-27,25224.96484375,25274.96477406467,24399.96599355798,24999.965157333994,14962
2025-03-28,24874.96484375,25274.96427842337,24799.964949748744,25224.964349089198,7816
2025-03-31,25574.962890625,25749.962636699656,24749.964087701614,24749.964087701614,11011
2025-04-01,25274.962890625,25699.962266629573,24999.963294386747,25699.962266629573,9558
2025-04-03,24924.96484375,25224.964420605567,24824.964984798145,25149.964526391675,4525
2025-04-04,23224.966796875,24674.964723913483,23199.966832615715,24499.964974098493,18783
2025-04-07,23599.966796875,23974.96626928297,22574.96823895988,22574.96823895988,15460
2025-04-08,23349.966796875,24624.964983856396,23149.967081270075,24374.96533935024,10145
2025-04-09,24724.96484375,24999.96445273003,23524.96655001896,23799.96615899899,8602
2025-04-10,24599.96484375,24774.964593654724,23699.966129954268,24599.96484375,6203
2025-04-11,24824.96484375,25199.964312688822,24199.965728851963,25199.964312688822,6627
2025-04-14,23324.966796875,24874.964590450832,20999.970106511253,24849.964626038316,24551
2025-04-15,23349.966796875,23999.965872591005,22999.96729456638,23999.965872591005,4950
2025-04-16,21699.96875,23974.965473790322,21499.969038018433,23974.965473790322,44346
2025-04-21,20124.970703125,21174.969174592392,19674.971358210405,21174.969174592392,18411
2025-04-22,21324.96875,21399.968640093786,20224.970361957796,20349.970178780775,2967
2025-04-23,21949.96875,22324.968216116173,21624.969212699314,21999.96867881549,3449
2025-04-24,22424.96875,22699.96836677815,22224.9690287068,22449.96871516165,2610
2025-04-25,22449.96875,22524.968645601337,22149.969167594656,22499.968680400892,3596
2025-04-28,22399.96875,22524.96857561384,21999.969308035714,22424.968715122766,3389
2025-04-29,22574.966796875,22624.96672333541,22299.967201342744,22524.966870414588,4064
2025-04-30,22874.966796875,22999.96661543716,21999.96806693989,22274.96766777664,4368
2025-05-05,23549.966796875,23674.966620637606,22899.96771330945,22899.96771330945,3619
2025-05-06,23499.966796875,23749.966443650264,23349.96700880984,23474.96683219747,6267
2025-05-07,22649.966796875,23399.965697433774,22424.967126707368,23399.965697433774,4498
2025-05-08,22599.966796875,22874.966392854672,22474.966980520603,22724.966613229397,3478
2025-05-09,22624.966796875,22874.96642998964,22249.967347203037,22599.966833563536,3415
2025-05-12,22849.966796875,22949.96665156592,22449.967378111323,22699.96701483862,5544
2025-05-13,22925.0,23050.0,22675.0,22875.0,2587
2025-05-14,22875.0,23000.0,22800.0,23000.0,3490
2025-05-15,23375.0,23475.0,23200.0,23200.0,7146
2025-05-16,23750.0,23825.0,23400.0,23400.0,3879
2025-05-19,23775.0,23875.0,23525.0,23700.0,5382
2025-05-20,23775.0,23900.0,23625.0,23900.0,2833
2025-05-21,23175.0,23750.0,23150.0,23650.0,13654
2025-05-22,23150.0,23275.0,22950.0,23175.0,21198
2025-05-23,22875.0,22925.0,22700.0,22900.0,2674
2025-05-26,22700.0,23200.0,22250.0,22875.0,981
2025-05-27,23450.0,23475.0,22950.0,23175.0,37245
2025-05-28,23475.0,23725.0,23375.0,23475.0,3302
2025-05-29,23975.0,24075.0,23625.0,23825.0,2670
2025-05-30,24550.0,24550.0,24025.0,24025.0,7345
2025-06-02,24175.0,24250.0,23875.0,24050.0,2786
2025-06-03,24350.0,24375.0,23900.0,24050.0,4112
2025-06-04,24475.0,24600.0,24375.0,24500.0,6058
2025-06-05,24450.0,24825.0,24325.0,24750.0,3200
2025-06-06,24625.0,24750.0,24475.0,24550.0,2349
2025-06-09,24425.0,24500.0,24050.0,24350.0,4410
2025-06-10,24575.0,24625.0,24325.0,24475.0,5495
2025-06-11,24675.0,24925.0,24575.0,24625.0,2813
2025-06-12,24500.0,24900.0,24450.0,24800.0,4073
2025-06-13,23350.0,24000.0,22925.0,24000.0,23234
2025-06-17,23500.0,23700.0,23375.0,23500.0,5463
2025-06-18,22075.0,23475.0,21975.0,23400.0,14665
2025-06-19,22350.0,22475.0,21650.0,22050.0,2804
2025-06-23,22675.0,22750.0,21900.0,22300.0,31534
2025-06-24,23225.0,23350.0,22975.0,23125.0,11967
2025-06-25,23125.0,23275.0,22875.0,23250.0,4006
2025-06-26,23200.0,23200.0,22950.0,23200.0,21195
2025-06-27,23350.0,23450.0,23200.0,23325.0,10165
2025-06-30,23950.0,24000.0,23425.0,23675.0,14071
2025-07-01,24450.0,24525.0,23650.0,23875.0,17051
2025-07-02,24400.0,24525.0,24125.0,24525.0,9775
2025-07-03,24775.0,25250.0,24450.0,24450.0,16284
2025-07-04,25350.0,26000.0,24550.0,25200.0,4528
2025-07-07,25275.0,25375.0,24725.0,25075.0,11711
2025-07-08,24825.0,25425.0,24750.0,25425.0,6348
2025-07-10,25125.0,25300.0,24875.0,25000.0,5898
2025-07-11,24500.0,25050.0,24350.0,25050.0,13575
2025-07-14,25300.0,25350.0,24650.0,24650.0,13321
2025-07-15,24675.0,25450.0,24625.0,25450.0,15706
2025-07-16,24775.0,24875.0,24225.0,24700.0,6248
2025-07-17,25025.0,25075.0,24575.0,24775.0,5344
2025-07-18,25100.0,25200.0,24800.0,25000.0,6038
2025-07-21,25125.0,25600.0,25025.0,25300.0,9605
2025-07-22,24650.0,25500.0,24575.0,25500.0,7480
2025-07-23,25025.0,25075.0,24750.0,24750.0,7429
2025-07-24,25125.0,25275.0,25000.0,25225.0,13346
2025-07-25,25600.0,25675.0,25000.0,25275.0,6563
2025-07-28,25600.0,25700.0,25475.0,25550.0,9549
2025-07-29,25350.0,25900.0,25200.0,25900.0,11208
2025-07-30,25725.0,25775.0,25200.0,25350.0,13696
2025-07-31,26175.0,26750.0,25750.0,25950.0,7758
2025-08-01,25700.0,26175.0,25575.0,26175.0,9351
2025-08-04,25850.0,26100.0,25175.0,25750.0,10534
2025-08-05,25250.0,25900.0,25200.0,25900.0,18615
2025-08-06,25200.0,25400.0,24875.0,25375.0,8481
2025-08-07,24500.0,25525.0,24350.0,25525.0,18859
2025-08-08,24950.0,25050.0,24700.0,24725.0,10565
